Loan_ID ,date,Gender ,Married ,Dependents ,Education ,Self_Employed ,ApplicantIncome ,CoapplicantIncome ,LoanAmount ,Loan_Amount_Term ,Credit_History ,Property_Area ,Loan_Status_depvar
LP001003 ,1/1/2020,Male ,Yes ,1,Graduate ,No ,4583,1508,128,360,1,Rural ,1
LP001002 ,1/1/2020,Male ,No ,0,Graduate ,No ,5849,0,,360,1,Urban ,0
LP001005 ,1/1/2020,Male ,Yes ,0,Graduate ,Yes ,3000,0,66,360,1,Urban ,0
LP001006 ,1/1/2020,Male ,Yes ,0,Not Graduate ,No ,2583,2358,120,360,1,Urban ,0
LP001008 ,1/1/2020,Male ,No ,0,Graduate ,No ,6000,0,141,360,1,Urban ,0
LP001011 ,1/1/2020,Male ,Yes ,2,Graduate ,Yes ,5417,4196,267,360,1,Urban ,0
LP001013 ,1/1/2020,Male ,Yes ,0,Not Graduate ,No ,2333,1516,95,360,1,Urban ,0
LP001014 ,1/1/2020,Male ,Yes ,3,Graduate ,No ,3036,2504,158,360,0,Semiurban ,1
LP001018 ,1/1/2020,Male ,Yes ,2,Graduate ,No ,4006,1526,168,360,1,Urban ,0
LP001020 ,1/1/2020,Male ,Yes ,1,Graduate ,No ,12841,10968,349,360,1,Semiurban ,1
LP001024 ,1/1/2020,Male ,Yes ,2,Graduate ,No ,3200,700,70,360,1,Urban ,0
LP001027 ,1/1/2020,Male ,Yes ,2,Graduate ,,2500,1840,109,360,1,Urban ,0
LP001028 ,1/1/2020,Male ,Yes ,2,Graduate ,No ,3073,8106,200,360,1,Urban ,0
LP001029 ,1/1/2020,Male ,No ,0,Graduate ,No ,1853,2840,114,360,1,Rural ,1
LP001030 ,1/1/2020,Male ,Yes ,2,Graduate ,No ,1299,1086,17,120,1,Urban ,0
LP001032 ,1/1/2020,Male ,No ,0,Graduate ,No ,4950,0,125,360,1,Urban ,0
LP001034 ,1/1/2020,Male ,No ,1,Not Graduate ,No ,3596,0,100,240,,Urban ,0
LP001036 ,1/1/2020,Female ,No ,0,Graduate ,No ,3510,0,76,360,0,Urban ,1
LP001038 ,1/1/2020,Male ,Yes ,0,Not Graduate ,No ,4887,0,133,360,1,Rural ,1
LP001041 ,1/1/2020,Male ,Yes ,0,Graduate ,,2600,3500,115,,1,Urban ,0
LP001043 ,1/1/2020,Male ,Yes ,0,Not Graduate ,No ,7660,0,104,360,0,Urban ,1
LP001046 ,1/1/2020,Male ,Yes ,1,Graduate ,No ,5955,5625,315,360,1,Urban ,0
LP001047 ,1/1/2020,Male ,Yes ,0,Not Graduate ,No ,2600,1911,116,360,0,Semiurban ,1
LP001050 ,1/1/2020,,Yes ,2,Not Graduate ,No ,3365,1917,112,360,0,Rural ,1
LP001052 ,1/1/2020,Male ,Yes ,1,Graduate ,,3717,2925,151,360,,Semiurban ,1
LP001066 ,1/1/2020,Male ,Yes ,0,Graduate ,Yes ,9560,0,191,360,1,Semiurban ,0
LP001068 ,1/1/2020,Male ,Yes ,0,Graduate ,No ,2799,2253,122,360,1,Semiurban ,0
LP001073 ,1/1/2020,Male ,Yes ,2,Not Graduate ,No ,4226,1040,110,360,1,Urban ,0
LP001086 ,1/1/2020,Male ,No ,0,Not Graduate ,No ,1442,0,35,360,1,Urban ,1
LP001087 ,1/1/2020,Female ,No ,2,Graduate ,,3750,2083,120,360,1,Semiurban ,0
LP001091 ,1/1/2020,Male ,Yes ,1,Graduate ,,4166,3369,201,360,,Urban ,1
LP001095 ,1/1/2020,Male ,No ,0,Graduate ,No ,3167,0,74,360,1,Urban ,1
LP001097 ,1/1/2020,Male ,No ,1,Graduate ,Yes ,4692,0,106,360,1,Rural ,1
LP001098 ,1/1/2020,Male ,Yes ,0,Graduate ,No ,3500,1667,114,360,1,Semiurban ,0
LP001100 ,1/1/2020,Male ,No ,3,Graduate ,No ,12500,3000,320,360,1,Rural ,1
LP001106 ,1/1/2020,Male ,Yes ,0,Graduate ,No ,2275,2067,,360,1,Urban ,0
LP001109 ,1/1/2020,Male ,Yes ,0,Graduate ,No ,1828,1330,100,,0,Urban ,1
LP001112 ,1/1/2020,Female ,Yes ,0,Graduate ,No ,3667,1459,144,360,1,Semiurban ,0
LP001114 ,1/1/2020,Male ,No ,0,Graduate ,No ,4166,7210,184,360,1,Urban ,0
LP001116 ,1/1/2020,Male ,No ,0,Not Graduate ,No ,3748,1668,110,360,1,Semiurban ,0
LP001119 ,1/1/2020,Male ,No ,0,Graduate ,No ,3600,0,80,360,1,Urban ,1
LP001120 ,1/1/2020,Male ,No ,0,Graduate ,No ,1800,1213,47,360,1,Urban ,0
LP001123 ,1/1/2020,Male ,Yes ,0,Graduate ,No ,2400,0,75,360,,Urban ,0
LP001131 ,1/1/2020,Male ,Yes ,0,Graduate ,No ,3941,2336,134,360,1,Semiurban ,0
LP001136 ,1/1/2020,Male ,Yes ,0,Not Graduate ,Yes ,4695,0,96,,1,Urban ,0
LP001137 ,1/1/2020,Female ,No ,0,Graduate ,No ,3410,0,88,,1,Urban ,0
LP001138 ,1/1/2020,Male ,Yes ,1,Graduate ,No ,5649,0,44,360,1,Urban ,0
LP001144 ,1/1/2020,Male ,Yes ,0,Graduate ,No ,5821,0,144,360,1,Urban ,0
LP001146 ,1/1/2020,Female ,Yes ,0,Graduate ,No ,2645,3440,120,360,0,Urban ,1
LP001151 ,1/1/2020,Female ,No ,0,Graduate ,No ,4000,2275,144,360,1,Semiurban ,0
LP001155 ,1/1/2020,Female ,Yes ,0,Not Graduate ,No ,1928,1644,100,360,1,Semiurban ,0
LP001157 ,1/1/2020,Female ,No ,0,Graduate ,No ,3086,0,120,360,1,Semiurban ,0
LP001164 ,1/1/2020,Female ,No ,0,Graduate ,No ,4230,0,112,360,1,Semiurban ,1
LP001179 ,1/1/2020,Male ,Yes ,2,Graduate ,No ,4616,0,134,360,1,Urban ,1
LP001186 ,1/1/2020,Female ,Yes ,1,Graduate ,Yes ,11500,0,286,360,0,Urban ,1
LP001194 ,1/1/2020,Male ,Yes ,2,Graduate ,No ,2708,1167,97,360,1,Semiurban ,0
LP001195 ,1/1/2020,Male ,Yes ,0,Graduate ,No ,2132,1591,96,360,1,Semiurban ,0
LP001197 ,1/1/2020,Male ,Yes ,0,Graduate ,No ,3366,2200,135,360,1,Rural ,1
LP001198 ,1/1/2020,Male ,Yes ,1,Graduate ,No ,8080,2250,180,360,1,Urban ,0
LP001199 ,1/1/2020,Male ,Yes ,2,Not Graduate ,No ,3357,2859,144,360,1,Urban ,0
LP001205 ,1/1/2020,Male ,Yes ,0,Graduate ,No ,2500,3796,120,360,1,Urban ,0
LP001206 ,1/1/2020,Male ,Yes ,3,Graduate ,No ,3029,0,99,360,1,Urban ,0
LP001207 ,1/1/2020,Male ,Yes ,0,Not Graduate ,Yes ,2609,3449,165,180,0,Rural ,1
LP001213 ,1/1/2020,Male ,Yes ,1,Graduate ,No ,4945,0,,360,0,Rural ,1
LP001222 ,1/1/2020,Female ,No ,0,Graduate ,No ,4166,0,116,360,0,Semiurban ,1
LP001225 ,1/1/2020,Male ,Yes ,0,Graduate ,No ,5726,4595,258,360,1,Semiurban ,1
LP001228 ,1/1/2020,Male ,No ,0,Not Graduate ,No ,3200,2254,126,180,0,Urban ,1
LP001233 ,1/1/2020,Male ,Yes ,1,Graduate ,No ,10750,0,312,360,1,Urban ,0
LP001238 ,1/1/2020,Male ,Yes ,3,Not Graduate ,Yes ,7100,0,125,60,1,Urban ,0
LP001241 ,1/1/2020,Female ,No ,0,Graduate ,No ,4300,0,136,360,0,Semiurban ,1
LP001243 ,1/1/2020,Male ,Yes ,0,Graduate ,No ,3208,3066,172,360,1,Urban ,0
LP001245 ,1/1/2020,Male ,Yes ,2,Not Graduate ,Yes ,1875,1875,97,360,1,Semiurban ,0
LP001248 ,1/1/2020,Male ,No ,0,Graduate ,No ,3500,0,81,300,1,Semiurban ,0
LP001250 ,1/1/2020,Male ,Yes ,3,Not Graduate ,No ,4755,0,95,,0,Semiurban ,1
LP001253 ,1/1/2020,Male ,Yes ,3,Graduate ,Yes ,5266,1774,187,360,1,Semiurban ,0
LP001255 ,1/1/2020,Male ,No ,0,Graduate ,No ,3750,0,113,480,1,Urban ,1
LP001256 ,1/1/2020,Male ,No ,0,Graduate ,No ,3750,4750,176,360,1,Urban ,1
LP001259 ,1/1/2020,Male ,Yes ,1,Graduate ,Yes ,1000,3022,110,360,1,Urban ,1
LP001263 ,1/1/2020,Male ,Yes ,3,Graduate ,No ,3167,4000,180,300,0,Semiurban ,1
LP001264 ,1/1/2020,Male ,Yes ,3,Not Graduate ,Yes ,3333,2166,130,360,,Semiurban ,0
LP001265 ,1/1/2020,Female ,No ,0,Graduate ,No ,3846,0,111,360,1,Semiurban ,0
LP001266 ,1/1/2020,Male ,Yes ,1,Graduate ,Yes ,2395,0,,360,1,Semiurban ,0
LP001267 ,1/1/2020,Female ,Yes ,2,Graduate ,No ,1378,1881,167,360,1,Urban ,1
LP001273 ,1/1/2020,Male ,Yes ,0,Graduate ,No ,6000,2250,265,360,,Semiurban ,1
LP001275 ,1/1/2020,Male ,Yes ,1,Graduate ,No ,3988,0,50,240,1,Urban ,0
LP001279 ,1/1/2020,Male ,No ,0,Graduate ,No ,2366,2531,136,360,1,Semiurban ,0
LP001280 ,1/1/2020,Male ,Yes ,2,Not Graduate ,No ,3333,2000,99,360,,Semiurban ,0
LP001282 ,1/1/2020,Male ,Yes ,0,Graduate ,No ,2500,2118,104,360,1,Semiurban ,0
LP001289 ,1/1/2020,Male ,No ,0,Graduate ,No ,8566,0,210,360,1,Urban ,0
LP001310 ,1/1/2020,Male ,Yes ,0,Graduate ,No ,5695,4167,175,360,1,Semiurban ,0
LP001316 ,1/1/2020,Male ,Yes ,0,Graduate ,No ,2958,2900,131,360,1,Semiurban ,0
LP001318 ,1/1/2020,Male ,Yes ,2,Graduate ,No ,6250,5654,188,180,1,Semiurban ,0
LP001319 ,1/1/2020,Male ,Yes ,2,Not Graduate ,No ,3273,1820,81,360,1,Urban ,0
LP001322 ,1/1/2020,Male ,No ,0,Graduate ,No ,4133,0,122,360,1,Semiurban ,0
LP001325 ,1/1/2020,Male ,No ,0,Not Graduate ,No ,3620,0,25,120,1,Semiurban ,0
LP001326 ,1/1/2020,Male ,No ,0,Graduate ,,6782,0,,360,,Urban ,1
LP001327 ,1/1/2020,Female ,Yes ,0,Graduate ,No ,2484,2302,137,360,1,Semiurban ,0
LP001333 ,1/1/2020,Male ,Yes ,0,Graduate ,No ,1977,997,50,360,1,Semiurban ,0
LP001334 ,1/1/2020,Male ,Yes ,0,Not Graduate ,No ,4188,0,115,180,1,Semiurban ,0
LP001343 ,1/1/2020,Male ,Yes ,0,Graduate ,No ,1759,3541,131,360,1,Semiurban ,0
LP001345 ,1/1/2020,Male ,Yes ,2,Not Graduate ,No ,4288,3263,133,180,1,Urban ,0
LP001349 ,1/1/2020,Male ,No ,0,Graduate ,No ,4843,3806,151,360,1,Semiurban ,0
LP001350 ,1/1/2020,Male ,Yes ,0,Graduate ,No ,13650,0,,360,1,Urban ,0
LP001356 ,1/1/2020,Male ,Yes ,0,Graduate ,No ,4652,3583,,360,1,Semiurban ,0
LP001357 ,1/1/2020,Male ,,0,Graduate ,No ,3816,754,160,360,1,Urban ,0
LP001367 ,1/1/2020,Male ,Yes ,1,Graduate ,No ,3052,1030,100,360,1,Urban ,0
LP001369 ,1/1/2020,Male ,Yes ,2,Graduate ,No ,11417,1126,225,360,1,Urban ,0
LP001370 ,1/1/2020,Male ,No ,0,Not Graduate ,,7333,0,120,360,1,Rural ,1
LP001379 ,1/1/2020,Male ,Yes ,2,Graduate ,No ,3800,3600,216,360,0,Urban ,1
LP001384 ,1/1/2020,Male ,Yes ,3,Not Graduate ,No ,2071,754,94,480,1,Semiurban ,0
LP001385 ,1/1/2020,Male ,No ,0,Graduate ,No ,5316,0,136,360,1,Urban ,0
LP001387 ,1/1/2020,Female ,Yes ,0,Graduate ,,2929,2333,139,360,1,Semiurban ,0
LP001391 ,1/1/2020,Male ,Yes ,0,Not Graduate ,No ,3572,4114,152,,0,Rural ,1
LP001392 ,1/1/2020,Female ,No ,1,Graduate ,Yes ,7451,0,,360,1,Semiurban ,0
LP001398 ,1/1/2020,Male ,No ,0,Graduate ,,5050,0,118,360,1,Semiurban ,0
LP001401 ,1/1/2020,Male ,Yes ,1,Graduate ,No ,14583,0,185,180,1,Rural ,0
LP001404 ,1/1/2020,Female ,Yes ,0,Graduate ,No ,3167,2283,154,360,1,Semiurban ,0
LP001405 ,1/1/2020,Male ,Yes ,1,Graduate ,No ,2214,1398,85,360,,Urban ,0
LP001421 ,1/1/2020,Male ,Yes ,0,Graduate ,No ,5568,2142,175,360,1,Rural ,1
LP001422 ,1/1/2020,Female ,No ,0,Graduate ,No ,10408,0,259,360,1,Urban ,0
LP001426 ,1/1/2020,Male ,Yes ,0,Graduate ,No ,5667,2667,180,360,1,Rural ,0
LP001430 ,1/1/2020,Female ,No ,0,Graduate ,No ,4166,0,44,360,1,Semiurban ,0
LP001431 ,1/1/2020,Female ,No ,0,Graduate ,No ,2137,8980,137,360,0,Semiurban ,0
LP001432 ,1/1/2020,Male ,Yes ,2,Graduate ,No ,2957,0,81,360,1,Semiurban ,0
LP001439 ,1/1/2020,Male ,Yes ,0,Not Graduate ,No ,4300,2014,194,360,1,Rural ,0
LP001443 ,1/1/2020,Female ,No ,0,Graduate ,No ,3692,0,93,360,,Rural ,0
LP001448 ,1/1/2020,,Yes ,3,Graduate ,No ,23803,0,370,360,1,Rural ,0
LP001449 ,1/1/2020,Male ,No ,0,Graduate ,No ,3865,1640,,360,1,Rural ,0
LP001451 ,1/1/2020,Male ,Yes ,1,Graduate ,Yes ,10513,3850,160,180,0,Urban ,1
LP001465 ,1/1/2020,Male ,Yes ,0,Graduate ,No ,6080,2569,182,360,,Rural ,1
LP001469 ,1/1/2020,Male ,No ,0,Graduate ,Yes ,20166,0,650,480,,Urban ,0
LP001473 ,1/1/2020,Male ,No ,0,Graduate ,No ,2014,1929,74,360,1,Urban ,0
LP001478 ,1/1/2020,Male ,No ,0,Graduate ,No ,2718,0,70,360,1,Semiurban ,0
LP001482 ,1/1/2020,Male ,Yes ,0,Graduate ,Yes ,3459,0,25,120,1,Semiurban ,0
LP001487 ,1/1/2020,Male ,No ,0,Graduate ,No ,4895,0,102,360,1,Semiurban ,0
LP001488 ,1/1/2020,Male ,Yes ,3,Graduate ,No ,4000,7750,290,360,1,Semiurban ,1
LP001489 ,1/1/2020,Female ,Yes ,0,Graduate ,No ,4583,0,84,360,1,Rural ,1
LP001491 ,1/1/2020,Male ,Yes ,2,Graduate ,Yes ,3316,3500,88,360,1,Urban ,0
LP001492 ,1/1/2020,Male ,No ,0,Graduate ,No ,14999,0,242,360,0,Semiurban ,1
LP001493 ,1/1/2020,Male ,Yes ,2,Not Graduate ,No ,4200,1430,129,360,1,Rural ,1
LP001497 ,1/1/2020,Male ,Yes ,2,Graduate ,No ,5042,2083,185,360,1,Rural ,1
LP001498 ,1/1/2020,Male ,No ,0,Graduate ,No ,5417,0,168,360,1,Urban ,0
LP001504 ,1/1/2020,Male ,No ,0,Graduate ,Yes ,6950,0,175,180,1,Semiurban ,0
LP001507 ,1/1/2020,Male ,Yes ,0,Graduate ,No ,2698,2034,122,360,1,Semiurban ,0
LP001508 ,1/1/2020,Male ,Yes ,2,Graduate ,No ,11757,0,187,180,1,Urban ,0
LP001514 ,1/1/2020,Female ,Yes ,0,Graduate ,No ,2330,4486,100,360,1,Semiurban ,0
LP001516 ,1/1/2020,Female ,Yes ,2,Graduate ,No ,14866,0,70,360,1,Urban ,0
LP001518 ,1/1/2020,Male ,Yes ,1,Graduate ,No ,1538,1425,30,360,1,Urban ,0
LP001519 ,1/1/2020,Female ,No ,0,Graduate ,No ,10000,1666,225,360,1,Rural ,1
LP001520 ,1/1/2020,Male ,Yes ,0,Graduate ,No ,4860,830,125,360,1,Semiurban ,0
LP001528 ,1/1/2020,Male ,No ,0,Graduate ,No ,6277,0,118,360,0,Rural ,1
LP001529 ,1/1/2020,Male ,Yes ,0,Graduate ,Yes ,2577,3750,152,360,1,Rural ,0
LP001531 ,1/1/2020,Male ,No ,0,Graduate ,No ,9166,0,244,360,1,Urban ,1
LP001532 ,1/1/2020,Male ,Yes ,2,Not Graduate ,No ,2281,0,113,360,1,Rural ,1
LP001535 ,1/1/2020,Male ,No ,0,Graduate ,No ,3254,0,50,360,1,Urban ,0
LP001536 ,1/1/2020,Male ,Yes ,3,Graduate ,No ,39999,0,600,180,0,Semiurban ,0
LP001541 ,1/1/2020,Male ,Yes ,1,Graduate ,No ,6000,0,160,360,,Rural ,0
LP001543 ,1/1/2020,Male ,Yes ,1,Graduate ,No ,9538,0,187,360,1,Urban ,0
LP001546 ,1/1/2020,Male ,No ,0,Graduate ,,2980,2083,120,360,1,Rural ,0
LP001552 ,1/1/2020,Male ,Yes ,0,Graduate ,No ,4583,5625,255,360,1,Semiurban ,0
LP001560 ,1/1/2020,Male ,Yes ,0,Not Graduate ,No ,1863,1041,98,360,1,Semiurban ,0
LP001562 ,1/1/2020,Male ,Yes ,0,Graduate ,No ,7933,0,275,360,1,Urban ,1
LP001565 ,1/1/2020,Male ,Yes ,1,Graduate ,No ,3089,1280,121,360,0,Semiurban ,1
LP001570 ,1/1/2020,Male ,Yes ,2,Graduate ,No ,4167,1447,158,360,1,Rural ,0
LP001572 ,1/1/2020,Male ,Yes ,0,Graduate ,No ,9323,0,75,180,1,Urban ,0
LP001574 ,1/1/2020,Male ,Yes ,0,Graduate ,No ,3707,3166,182,,1,Rural ,0
LP001577 ,1/1/2020,Female ,Yes ,0,Graduate ,No ,4583,0,112,360,1,Rural ,1
LP001578 ,1/1/2020,Male ,Yes ,0,Graduate ,No ,2439,3333,129,360,1,Rural ,0
LP001579 ,1/1/2020,Male ,No ,0,Graduate ,No ,2237,0,63,480,0,Semiurban ,1
LP001580 ,1/1/2020,Male ,Yes ,2,Graduate ,No ,8000,0,200,360,1,Semiurban ,0
LP001581 ,1/1/2020,Male ,Yes ,0,Not Graduate ,,1820,1769,95,360,1,Rural ,0
LP001585 ,1/1/2020,,Yes ,3,Graduate ,No ,51763,0,700,300,1,Urban ,0
LP001586 ,1/1/2020,Male ,Yes ,3,Not Graduate ,No ,3522,0,81,180,1,Rural ,1
LP001594 ,1/1/2020,Male ,Yes ,0,Graduate ,No ,5708,5625,187,360,1,Semiurban ,0
LP001603 ,1/1/2020,Male ,Yes ,0,Not Graduate ,Yes ,4344,736,87,360,1,Semiurban ,1
LP001606 ,1/1/2020,Male ,Yes ,0,Graduate ,No ,3497,1964,116,360,1,Rural ,0
LP001608 ,1/1/2020,Male ,Yes ,2,Graduate ,No ,2045,1619,101,360,1,Rural ,0
LP001610 ,1/1/2020,Male ,Yes ,3,Graduate ,No ,5516,11300,495,360,0,Semiurban ,1
LP001616 ,1/1/2020,Male ,Yes ,1,Graduate ,No ,3750,0,116,360,1,Semiurban ,0
LP001630 ,1/1/2020,Male ,No ,0,Not Graduate ,No ,2333,1451,102,480,0,Urban ,1
LP001633 ,1/1/2020,Male ,Yes ,1,Graduate ,No ,6400,7250,180,360,0,Urban ,1
LP001634 ,1/1/2020,Male ,No ,0,Graduate ,No ,1916,5063,67,360,,Rural ,1
LP001636 ,1/1/2020,Male ,Yes ,0,Graduate ,No ,4600,0,73,180,1,Semiurban ,0
LP001637 ,1/1/2020,Male ,Yes ,1,Graduate ,No ,33846,0,260,360,1,Semiurban ,1
LP001639 ,1/1/2020,Female ,Yes ,0,Graduate ,No ,3625,0,108,360,1,Semiurban ,0
LP001640 ,1/1/2020,Male ,Yes ,0,Graduate ,Yes ,39147,4750,120,360,1,Semiurban ,0
LP001641 ,1/1/2020,Male ,Yes ,1,Graduate ,Yes ,2178,0,66,300,0,Rural ,1
LP001643 ,1/1/2020,Male ,Yes ,0,Graduate ,No ,2383,2138,58,360,,Rural ,0
LP001644 ,1/1/2020,,Yes ,0,Graduate ,Yes ,674,5296,168,360,1,Rural ,0
LP001647 ,1/1/2020,Male ,Yes ,0,Graduate ,No ,9328,0,188,180,1,Rural ,0
LP001653 ,1/1/2020,Male ,No ,0,Not Graduate ,No ,4885,0,48,360,1,Rural ,0
LP001656 ,1/1/2020,Male ,No ,0,Graduate ,No ,12000,0,164,360,1,Semiurban ,1
LP001657 ,1/1/2020,Male ,Yes ,0,Not Graduate ,No ,6033,0,160,360,1,Urban ,1
LP001658 ,1/1/2020,Male ,No ,0,Graduate ,No ,3858,0,76,360,1,Semiurban ,0
LP001664 ,1/1/2020,Male ,No ,0,Graduate ,No ,4191,0,120,360,1,Rural ,0
LP001665 ,1/1/2020,Male ,Yes ,1,Graduate ,No ,3125,2583,170,360,1,Semiurban ,1
LP001666 ,1/1/2020,Male ,No ,0,Graduate ,No ,8333,3750,187,360,1,Rural ,0
LP001669 ,1/1/2020,Female ,No ,0,Not Graduate ,No ,1907,2365,120,,1,Urban ,0
LP001671 ,1/1/2020,Female ,Yes ,0,Graduate ,No ,3416,2816,113,360,,Semiurban ,0
LP001673 ,1/1/2020,Male ,No ,0,Graduate ,Yes ,11000,0,83,360,1,Urban ,1
LP001674 ,1/1/2020,Male ,Yes ,1,Not Graduate ,No ,2600,2500,90,360,1,Semiurban ,0
LP001677 ,1/1/2020,Male ,No ,2,Graduate ,No ,4923,0,166,360,0,Semiurban ,0
LP001682 ,1/1/2020,Male ,Yes ,3,Not Graduate ,No ,3992,0,,180,1,Urban ,1
LP001688 ,1/1/2020,Male ,Yes ,1,Not Graduate ,No ,3500,1083,135,360,1,Urban ,0
LP001691 ,1/1/2020,Male ,Yes ,2,Not Graduate ,No ,3917,0,124,360,1,Semiurban ,0
LP001692 ,1/1/2020,Female ,No ,0,Not Graduate ,No ,4408,0,120,360,1,Semiurban ,0
LP001693 ,1/1/2020,Female ,No ,0,Graduate ,No ,3244,0,80,360,1,Urban ,0
LP001698 ,1/1/2020,Male ,No ,0,Not Graduate ,No ,3975,2531,55,360,1,Rural ,0
LP001699 ,1/1/2020,Male ,No ,0,Graduate ,No ,2479,0,59,360,1,Urban ,0
LP001702 ,1/1/2020,Male ,No ,0,Graduate ,No ,3418,0,127,360,1,Semiurban ,1
LP001708 ,1/1/2020,Female ,No ,0,Graduate ,No ,10000,0,214,360,1,Semiurban ,1
LP001711 ,1/1/2020,Male ,Yes ,3,Graduate ,No ,3430,1250,128,360,0,Semiurban ,1
LP001713 ,1/1/2020,Male ,Yes ,1,Graduate ,Yes ,7787,0,240,360,1,Urban ,0
LP001715 ,1/1/2020,Male ,Yes ,3,Not Graduate ,Yes ,5703,0,130,360,1,Rural ,0
LP001716 ,1/1/2020,Male ,Yes ,0,Graduate ,No ,3173,3021,137,360,1,Urban ,0
LP001720 ,1/1/2020,Male ,Yes ,3,Not Graduate ,No ,3850,983,100,360,1,Semiurban ,0
LP001722 ,1/1/2020,Male ,Yes ,0,Graduate ,No ,150,1800,135,360,1,Rural ,1
LP001726 ,1/1/2020,Male ,Yes ,0,Graduate ,No ,3727,1775,131,360,1,Semiurban ,0
LP001732 ,1/1/2020,Male ,Yes ,2,Graduate ,,5000,0,72,360,0,Semiurban ,1
LP001734 ,1/1/2020,Female ,Yes ,2,Graduate ,No ,4283,2383,127,360,,Semiurban ,0
LP001736 ,1/1/2020,Male ,Yes ,0,Graduate ,No ,2221,0,60,360,0,Urban ,1
LP001743 ,1/1/2020,Male ,Yes ,2,Graduate ,No ,4009,1717,116,360,1,Semiurban ,0
LP001744 ,1/1/2020,Male ,No ,0,Graduate ,No ,2971,2791,144,360,1,Semiurban ,0
LP001749 ,1/1/2020,Male ,Yes ,0,Graduate ,No ,7578,1010,175,,1,Semiurban ,0
LP001750 ,1/1/2020,Male ,Yes ,0,Graduate ,No ,6250,0,128,360,1,Semiurban ,0
LP001751 ,1/1/2020,Male ,Yes ,0,Graduate ,No ,3250,0,170,360,1,Rural ,1
LP001754 ,1/1/2020,Male ,Yes ,0,Not Graduate ,Yes ,4735,0,138,360,1,Urban ,1
LP001758 ,1/1/2020,Male ,Yes ,2,Graduate ,No ,6250,1695,210,360,1,Semiurban ,0
LP001760 ,1/1/2020,Male ,,0,Graduate ,No ,4758,0,158,480,1,Semiurban ,0
LP001761 ,1/1/2020,Male ,No ,0,Graduate ,Yes ,6400,0,200,360,1,Rural ,0
LP001765 ,1/1/2020,Male ,Yes ,1,Graduate ,No ,2491,2054,104,360,1,Semiurban ,0
LP001768 ,1/1/2020,Male ,Yes ,0,Graduate ,,3716,0,42,180,1,Rural ,0
LP001770 ,1/1/2020,Male ,No ,0,Not Graduate ,No ,3189,2598,120,,1,Rural ,0
LP001776 ,1/1/2020,Female ,No ,0,Graduate ,No ,8333,0,280,360,1,Semiurban ,0
LP001778 ,1/1/2020,Male ,Yes ,1,Graduate ,No ,3155,1779,140,360,1,Semiurban ,0
LP001784 ,1/1/2020,Male ,Yes ,1,Graduate ,No ,5500,1260,170,360,1,Rural ,0
LP001786 ,1/1/2020,Male ,Yes ,0,Graduate ,,5746,0,255,360,,Urban ,1
LP001788 ,1/1/2020,Female ,No ,0,Graduate ,Yes ,3463,0,122,360,,Urban ,0
LP001790 ,1/1/2020,Female ,No ,1,Graduate ,No ,3812,0,112,360,1,Rural ,0
LP001792 ,1/1/2020,Male ,Yes ,1,Graduate ,No ,3315,0,96,360,1,Semiurban ,0
LP001798 ,1/1/2020,Male ,Yes ,2,Graduate ,No ,5819,5000,120,360,1,Rural ,0
LP001800 ,1/1/2020,Male ,Yes ,1,Not Graduate ,No ,2510,1983,140,180,1,Urban ,1
LP001806 ,1/1/2020,Male ,No ,0,Graduate ,No ,2965,5701,155,60,1,Urban ,0
LP001807 ,1/1/2020,Male ,Yes ,2,Graduate ,Yes ,6250,1300,108,360,1,Rural ,0
LP001811 ,1/1/2020,Male ,Yes ,0,Not Graduate ,No ,3406,4417,123,360,1,Semiurban ,0
LP001813 ,1/1/2020,Male ,No ,0,Graduate ,Yes ,6050,4333,120,180,1,Urban ,1
LP001814 ,1/1/2020,Male ,Yes ,2,Graduate ,No ,9703,0,112,360,1,Urban ,0
LP001819 ,1/1/2020,Male ,Yes ,1,Not Graduate ,No ,6608,0,137,180,1,Urban ,0
LP001824 ,1/1/2020,Male ,Yes ,1,Graduate ,No ,2882,1843,123,480,1,Semiurban ,0
LP001825 ,1/1/2020,Male ,Yes ,0,Graduate ,No ,1809,1868,90,360,1,Urban ,0
LP001835 ,1/1/2020,Male ,Yes ,0,Not Graduate ,No ,1668,3890,201,360,0,Semiurban ,1
LP001836 ,1/1/2020,Female ,No ,2,Graduate ,No ,3427,0,138,360,1,Urban ,1
LP001841 ,1/1/2020,Male ,No ,0,Not Graduate ,Yes ,2583,2167,104,360,1,Rural ,0
LP001843 ,1/1/2020,Male ,Yes ,1,Not Graduate ,No ,2661,7101,279,180,1,Semiurban ,0
LP001844 ,1/1/2020,Male ,No ,0,Graduate ,Yes ,16250,0,192,360,0,Urban ,1
LP001846 ,1/1/2020,Female ,No ,3,Graduate ,No ,3083,0,255,360,1,Rural ,0
LP001849 ,1/1/2020,Male ,No ,0,Not Graduate ,No ,6045,0,115,360,0,Rural ,1
LP001854 ,1/1/2020,Male ,Yes ,3,Graduate ,No ,5250,0,94,360,1,Urban ,1
LP001859 ,1/1/2020,Male ,Yes ,0,Graduate ,No ,14683,2100,304,360,1,Rural ,1
LP001864 ,1/1/2020,Male ,Yes ,3,Not Graduate ,No ,4931,0,128,360,,Semiurban ,1
LP001865 ,1/1/2020,Male ,Yes ,1,Graduate ,No ,6083,4250,330,360,,Urban ,0
LP001868 ,1/1/2020,Male ,No ,0,Graduate ,No ,2060,2209,134,360,1,Semiurban ,0
LP001870 ,1/1/2020,Female ,No ,1,Graduate ,No ,3481,0,155,36,1,Semiurban ,1
LP001871 ,1/1/2020,Female ,No ,0,Graduate ,No ,7200,0,120,360,1,Rural ,0
LP001872 ,1/1/2020,Male ,No ,0,Graduate ,Yes ,5166,0,128,360,1,Semiurban ,0
LP001875 ,1/1/2020,Male ,No ,0,Graduate ,No ,4095,3447,151,360,1,Rural ,0
LP001877 ,1/1/2020,Male ,Yes ,2,Graduate ,No ,4708,1387,150,360,1,Semiurban ,0
LP001882 ,1/1/2020,Male ,Yes ,3,Graduate ,No ,4333,1811,160,360,0,Urban ,0
LP001883 ,1/1/2020,Female ,No ,0,Graduate ,,3418,0,135,360,1,Rural ,1
LP001884 ,1/1/2020,Female ,No ,1,Graduate ,No ,2876,1560,90,360,1,Urban ,0
LP001888 ,1/1/2020,Female ,No ,0,Graduate ,No ,3237,0,30,360,1,Urban ,0
LP001891 ,1/1/2020,Male ,Yes ,0,Graduate ,No ,11146,0,136,360,1,Urban ,0
LP001892 ,1/1/2020,Male ,No ,0,Graduate ,No ,2833,1857,126,360,1,Rural ,0
LP001894 ,1/1/2020,Male ,Yes ,0,Graduate ,No ,2620,2223,150,360,1,Semiurban ,0
LP001896 ,1/1/2020,Male ,Yes ,2,Graduate ,No ,3900,0,90,360,1,Semiurban ,0
LP001900 ,1/1/2020,Male ,Yes ,1,Graduate ,No ,2750,1842,115,360,1,Semiurban ,0
LP001903 ,1/1/2020,Male ,Yes ,0,Graduate ,No ,3993,3274,207,360,1,Semiurban ,0
LP001904 ,1/1/2020,Male ,Yes ,0,Graduate ,No ,3103,1300,80,360,1,Urban ,0
LP001907 ,1/1/2020,Male ,Yes ,0,Graduate ,No ,14583,0,436,360,1,Semiurban ,0
LP001908 ,1/1/2020,Female ,Yes ,0,Not Graduate ,No ,4100,0,124,360,,Rural ,0
LP001910 ,1/1/2020,Male ,No ,1,Not Graduate ,Yes ,4053,2426,158,360,0,Urban ,1
LP001914 ,1/1/2020,Male ,Yes ,0,Graduate ,No ,3927,800,112,360,1,Semiurban ,0
LP001915 ,1/1/2020,Male ,Yes ,2,Graduate ,No ,2301,985.7999878,78,180,1,Urban ,0
LP001917 ,1/1/2020,Female ,No ,0,Graduate ,No ,1811,1666,54,360,1,Urban ,0
LP001922 ,1/1/2020,Male ,Yes ,0,Graduate ,No ,20667,0,,360,1,Rural ,1
LP001924 ,1/1/2020,Male ,No ,0,Graduate ,No ,3158,3053,89,360,1,Rural ,0
LP001925 ,1/1/2020,Female ,No ,0,Graduate ,Yes ,2600,1717,99,300,1,Semiurban ,1
LP001926 ,1/1/2020,Male ,Yes ,0,Graduate ,No ,3704,2000,120,360,1,Rural ,0
LP001931 ,1/1/2020,Female ,No ,0,Graduate ,No ,4124,0,115,360,1,Semiurban ,0
LP001935 ,1/1/2020,Male ,No ,0,Graduate ,No ,9508,0,187,360,1,Rural ,0
LP001936 ,1/1/2020,Male ,Yes ,0,Graduate ,No ,3075,2416,139,360,1,Rural ,0
LP001938 ,1/1/2020,Male ,Yes ,2,Graduate ,No ,4400,0,127,360,0,Semiurban ,1
LP001940 ,1/1/2020,Male ,Yes ,2,Graduate ,No ,3153,1560,134,360,1,Urban ,0
LP001945 ,1/1/2020,Female ,No ,0,Graduate ,No ,5417,0,143,480,0,Urban ,1
LP001947 ,1/1/2020,Male ,Yes ,0,Graduate ,No ,2383,3334,172,360,1,Semiurban ,0
LP001949 ,1/1/2020,Male ,Yes ,3,Graduate ,,4416,1250,110,360,1,Urban ,0
LP001953 ,1/1/2020,Male ,Yes ,1,Graduate ,No ,6875,0,200,360,1,Semiurban ,0
LP001954 ,1/1/2020,Female ,Yes ,1,Graduate ,No ,4666,0,135,360,1,Urban ,0
LP001955 ,1/1/2020,Female ,No ,0,Graduate ,No ,5000,2541,151,480,1,Rural ,1
LP001963 ,1/1/2020,Male ,Yes ,1,Graduate ,No ,2014,2925,113,360,1,Urban ,1
LP001964 ,1/1/2020,Male ,Yes ,0,Not Graduate ,No ,1800,2934,93,360,0,Urban ,1
LP001972 ,1/1/2020,Male ,Yes ,0,Not Graduate ,No ,2875,1750,105,360,1,Semiurban ,0
LP001974 ,1/1/2020,Female ,No ,0,Graduate ,No ,5000,0,132,360,1,Rural ,0
LP001977 ,1/1/2020,Male ,Yes ,1,Graduate ,No ,1625,1803,96,360,1,Urban ,0
LP001978 ,1/1/2020,Male ,No ,0,Graduate ,No ,4000,2500,140,360,1,Rural ,0
LP001990 ,1/1/2020,Male ,No ,0,Not Graduate ,No ,2000,0,,360,1,Urban ,1
LP001993 ,1/1/2020,Female ,No ,0,Graduate ,No ,3762,1666,135,360,1,Rural ,0
LP001994 ,1/1/2020,Female ,No ,0,Graduate ,No ,2400,1863,104,360,0,Urban ,1
LP001996 ,1/1/2020,Male ,No ,0,Graduate ,No ,20233,0,480,360,1,Rural ,1
LP001998 ,1/1/2020,Male ,Yes ,2,Not Graduate ,No ,7667,0,185,360,,Rural ,0
LP002002 ,1/1/2020,Female ,No ,0,Graduate ,No ,2917,0,84,360,1,Semiurban ,0
LP002004 ,1/1/2020,Male ,No ,0,Not Graduate ,No ,2927,2405,111,360,1,Semiurban ,0
LP002006 ,1/1/2020,Female ,No ,0,Graduate ,No ,2507,0,56,360,1,Rural ,0
LP002008 ,1/1/2020,Male ,Yes ,2,Graduate ,Yes ,5746,0,144,84,,Rural ,0
LP002024 ,1/1/2020,,Yes ,0,Graduate ,No ,2473,1843,159,360,1,Rural ,1
LP002031 ,1/1/2020,Male ,Yes ,1,Not Graduate ,No ,3399,1640,111,180,1,Urban ,0
LP002035 ,1/1/2020,Male ,Yes ,2,Graduate ,No ,3717,0,120,360,1,Semiurban ,0
LP002036 ,1/1/2020,Male ,Yes ,0,Graduate ,No ,2058,2134,88,360,,Urban ,0
LP002043 ,1/1/2020,Female ,No ,1,Graduate ,No ,3541,0,112,360,,Semiurban ,0
LP002050 ,1/1/2020,Male ,Yes ,1,Graduate ,Yes ,10000,0,155,360,1,Rural ,1
LP002051 ,1/1/2020,Male ,Yes ,0,Graduate ,No ,2400,2167,115,360,1,Semiurban ,0
LP002053 ,1/1/2020,Male ,Yes ,3,Graduate ,No ,4342,189,124,360,1,Semiurban ,0
LP002054 ,1/1/2020,Male ,Yes ,2,Not Graduate ,No ,3601,1590,,360,1,Rural ,0
LP002055 ,1/1/2020,Female ,No ,0,Graduate ,No ,3166,2985,132,360,,Rural ,0
LP002065 ,1/1/2020,Male ,Yes ,3,Graduate ,No ,15000,0,300,360,1,Rural ,0
LP002067 ,1/1/2020,Male ,Yes ,1,Graduate ,Yes ,8666,4983,376,360,0,Rural ,1
LP002068 ,1/1/2020,Male ,No ,0,Graduate ,No ,4917,0,130,360,0,Rural ,0
LP002082 ,1/1/2020,Male ,Yes ,0,Graduate ,Yes ,5818,2160,184,360,1,Semiurban ,0
LP002086 ,1/1/2020,Female ,Yes ,0,Graduate ,No ,4333,2451,110,360,1,Urban ,1
LP002087 ,1/1/2020,Female ,No ,0,Graduate ,No ,2500,0,67,360,1,Urban ,0
LP002097 ,1/1/2020,Male ,No ,1,Graduate ,No ,4384,1793,117,360,1,Urban ,0
LP002098 ,1/1/2020,Male ,No ,0,Graduate ,No ,2935,0,98,360,1,Semiurban ,0
LP002100 ,1/1/2020,Male ,No ,0,Graduate ,No ,2833,0,71,360,1,Urban ,0
LP002101 ,1/1/2020,Male ,Yes ,0,Graduate ,,63337,0,490,180,1,Urban ,0
LP002103 ,1/1/2020,,Yes ,1,Graduate ,Yes ,9833,1833,182,180,1,Urban ,0
LP002106 ,1/1/2020,Male ,Yes ,0,Graduate ,Yes ,5503,4490,70,,1,Semiurban ,0
LP002110 ,1/1/2020,Male ,Yes ,1,Graduate ,,5250,688,160,360,1,Rural ,0
LP002112 ,1/1/2020,Male ,Yes ,2,Graduate ,Yes ,2500,4600,176,360,1,Rural ,0
LP002113 ,1/1/2020,Female ,No ,3,Not Graduate ,No ,1830,0,,360,0,Urban ,1
LP002114 ,1/1/2020,Female ,No ,0,Graduate ,No ,4160,0,71,360,1,Semiurban ,0
LP002115 ,1/1/2020,Male ,Yes ,3,Not Graduate ,No ,2647,1587,173,360,1,Rural ,1
LP002116 ,1/1/2020,Female ,No ,0,Graduate ,No ,2378,0,46,360,1,Rural ,1
LP002119 ,1/1/2020,Male ,Yes ,1,Not Graduate ,No ,4554,1229,158,360,1,Urban ,0
LP002126 ,1/1/2020,Male ,Yes ,3,Not Graduate ,No ,3173,0,74,360,1,Semiurban ,0
LP002128 ,1/1/2020,Male ,Yes ,2,Graduate ,,2583,2330,125,360,1,Rural ,0
LP002129 ,1/1/2020,Male ,Yes ,0,Graduate ,No ,2499,2458,160,360,1,Semiurban ,0
LP002130 ,1/1/2020,Male ,Yes ,0,Not Graduate ,No ,3523,3230,152,360,0,Rural ,1
LP002131 ,1/1/2020,Male ,Yes ,2,Not Graduate ,No ,3083,2168,126,360,1,Urban ,0
LP002137 ,1/1/2020,Male ,Yes ,0,Graduate ,No ,6333,4583,259,360,,Semiurban ,0
LP002138 ,1/1/2020,Male ,Yes ,0,Graduate ,No ,2625,6250,187,360,1,Rural ,0
LP002139 ,1/1/2020,Male ,Yes ,0,Graduate ,No ,9083,0,228,360,1,Semiurban ,0
LP002140 ,1/1/2020,Male ,No ,0,Graduate ,No ,8750,4167,308,360,1,Rural ,1
LP002141 ,1/1/2020,Male ,Yes ,3,Graduate ,No ,2666,2083,95,360,1,Rural ,0
LP002142 ,1/1/2020,Female ,Yes ,0,Graduate ,Yes ,5500,0,105,360,0,Rural ,1
LP002143 ,1/1/2020,Female ,Yes ,0,Graduate ,No ,2423,505,130,360,1,Semiurban ,0
LP002144 ,1/1/2020,Female ,No ,0,Graduate ,No ,3813,0,116,180,1,Urban ,0
LP002149 ,1/1/2020,Male ,Yes ,2,Graduate ,No ,8333,3167,165,360,1,Rural ,0
LP002151 ,1/1/2020,Male ,Yes ,1,Graduate ,No ,3875,0,67,360,1,Urban ,1
LP002158 ,1/1/2020,Male ,Yes ,0,Not Graduate ,No ,3000,1666,100,480,0,Urban ,1
LP002160 ,1/1/2020,Male ,Yes ,3,Graduate ,No ,5167,3167,200,360,1,Semiurban ,0
LP002161 ,1/1/2020,Female ,No ,1,Graduate ,No ,4723,0,81,360,1,Semiurban ,1
LP002170 ,1/1/2020,Male ,Yes ,2,Graduate ,No ,5000,3667,236,360,1,Semiurban ,0
LP002175 ,1/1/2020,Male ,Yes ,0,Graduate ,No ,4750,2333,130,360,1,Urban ,0
LP002178 ,1/1/2020,Male ,Yes ,0,Graduate ,No ,3013,3033,95,300,,Urban ,0
LP002180 ,1/1/2020,Male ,No ,0,Graduate ,Yes ,6822,0,141,360,1,Rural ,0
LP002181 ,1/1/2020,Male ,No ,0,Not Graduate ,No ,6216,0,133,360,1,Rural ,1
LP002187 ,1/1/2020,Male ,No ,0,Graduate ,No ,2500,0,96,480,1,Semiurban ,1
LP002188 ,1/1/2020,Male ,No ,0,Graduate ,No ,5124,0,124,,0,Rural ,1
LP002190 ,1/1/2020,Male ,Yes ,1,Graduate ,No ,6325,0,175,360,1,Semiurban ,0
LP002191 ,1/1/2020,Male ,Yes ,0,Graduate ,No ,19730,5266,570,360,1,Rural ,1
LP002194 ,1/1/2020,Female ,No ,0,Graduate ,Yes ,15759,0,55,360,1,Semiurban ,0
LP002197 ,1/1/2020,Male ,Yes ,2,Graduate ,No ,5185,0,155,360,1,Semiurban ,0
LP002201 ,1/1/2020,Male ,Yes ,2,Graduate ,Yes ,9323,7873,380,300,1,Rural ,0
LP002205 ,1/1/2020,Male ,No ,1,Graduate ,No ,3062,1987,111,180,0,Urban ,1
LP002209 ,1/1/2020,Female ,No ,0,Graduate ,,2764,1459,110,360,1,Urban ,0
LP002211 ,1/1/2020,Male ,Yes ,0,Graduate ,No ,4817,923,120,180,1,Urban ,0
LP002219 ,1/1/2020,Male ,Yes ,3,Graduate ,No ,8750,4996,130,360,1,Rural ,0
LP002223 ,1/1/2020,Male ,Yes ,0,Graduate ,No ,4310,0,130,360,,Semiurban ,0
LP002224 ,1/1/2020,Male ,No ,0,Graduate ,No ,3069,0,71,480,1,Urban ,1
LP002225 ,1/1/2020,Male ,Yes ,2,Graduate ,No ,5391,0,130,360,1,Urban ,0
LP002226 ,1/1/2020,Male ,Yes ,0,Graduate ,,3333,2500,128,360,1,Semiurban ,0
LP002229 ,1/1/2020,Male ,No ,0,Graduate ,No ,5941,4232,296,360,1,Semiurban ,0
LP002231 ,1/1/2020,Female ,No ,0,Graduate ,No ,6000,0,156,360,1,Urban ,0
LP002234 ,1/1/2020,Male ,No ,0,Graduate ,Yes ,7167,0,128,360,1,Urban ,0
LP002236 ,1/1/2020,Male ,Yes ,2,Graduate ,No ,4566,0,100,360,1,Urban ,1
LP002237 ,1/1/2020,Male ,No ,1,Graduate ,,3667,0,113,180,1,Urban ,0
LP002239 ,1/1/2020,Male ,No ,0,Not Graduate ,No ,2346,1600,132,360,1,Semiurban ,0
LP002243 ,1/1/2020,Male ,Yes ,0,Not Graduate ,No ,3010,3136,,360,0,Urban ,1
LP002244 ,1/1/2020,Male ,Yes ,0,Graduate ,No ,2333,2417,136,360,1,Urban ,0
LP002250 ,1/1/2020,Male ,Yes ,0,Graduate ,No ,5488,0,125,360,1,Rural ,0
LP002255 ,1/1/2020,Male ,No ,3,Graduate ,No ,9167,0,185,360,1,Rural ,0
LP002262 ,1/1/2020,Male ,Yes ,3,Graduate ,No ,9504,0,275,360,1,Rural ,0
LP002263 ,1/1/2020,Male ,Yes ,0,Graduate ,No ,2583,2115,120,360,,Urban ,0
LP002265 ,1/1/2020,Male ,Yes ,2,Not Graduate ,No ,1993,1625,113,180,1,Semiurban ,0
LP002266 ,1/1/2020,Male ,Yes ,2,Graduate ,No ,3100,1400,113,360,1,Urban ,0
LP002272 ,1/1/2020,Male ,Yes ,2,Graduate ,No ,3276,484,135,360,,Semiurban ,0
LP002277 ,1/1/2020,Female ,No ,0,Graduate ,No ,3180,0,71,360,0,Urban ,1
LP002281 ,1/1/2020,Male ,Yes ,0,Graduate ,No ,3033,1459,95,360,1,Urban ,0
LP002284 ,1/1/2020,Male ,No ,0,Not Graduate ,No ,3902,1666,109,360,1,Rural ,0
LP002287 ,1/1/2020,Female ,No ,0,Graduate ,No ,1500,1800,103,360,0,Semiurban ,1
LP002288 ,1/1/2020,Male ,Yes ,2,Not Graduate ,No ,2889,0,45,180,0,Urban ,1
LP002296 ,1/1/2020,Male ,No ,0,Not Graduate ,No ,2755,0,65,300,1,Rural ,1
LP002297 ,1/1/2020,Male ,No ,0,Graduate ,No ,2500,20000,103,360,1,Semiurban ,0
LP002300 ,1/1/2020,Female ,No ,0,Not Graduate ,No ,1963,0,53,360,1,Semiurban ,0
LP002301 ,1/1/2020,Female ,No ,0,Graduate ,Yes ,7441,0,194,360,1,Rural ,1
LP002305 ,1/1/2020,Female ,No ,0,Graduate ,No ,4547,0,115,360,1,Semiurban ,0
LP002308 ,1/1/2020,Male ,Yes ,0,Not Graduate ,No ,2167,2400,115,360,1,Urban ,0
LP002314 ,1/1/2020,Female ,No ,0,Not Graduate ,No ,2213,0,66,360,1,Rural ,0
LP002315 ,1/1/2020,Male ,Yes ,1,Graduate ,No ,8300,0,152,300,0,Semiurban ,1
LP002317 ,1/1/2020,Male ,Yes ,3,Graduate ,No ,81000,0,360,360,0,Rural ,1
LP002318 ,1/1/2020,Female ,No ,1,Not Graduate ,Yes ,3867,0,62,360,1,Semiurban ,1
LP002319 ,1/1/2020,Male ,Yes ,0,Graduate ,,6256,0,160,360,,Urban ,0
LP002328 ,1/1/2020,Male ,Yes ,0,Not Graduate ,No ,6096,0,218,360,0,Rural ,1
LP002332 ,1/1/2020,Male ,Yes ,0,Not Graduate ,No ,2253,2033,110,360,1,Rural ,0
LP002335 ,1/1/2020,Female ,Yes ,0,Not Graduate ,No ,2149,3237,178,360,0,Semiurban ,1
LP002337 ,1/1/2020,Female ,No ,0,Graduate ,No ,2995,0,60,360,1,Urban ,0
LP002341 ,1/1/2020,Female ,No ,1,Graduate ,No ,2600,0,160,360,1,Urban ,1
LP002342 ,1/1/2020,Male ,Yes ,2,Graduate ,Yes ,1600,20000,239,360,1,Urban ,1
LP002345 ,1/1/2020,Male ,Yes ,0,Graduate ,No ,1025,2773,112,360,1,Rural ,0
LP002347 ,1/1/2020,Male ,Yes ,0,Graduate ,No ,3246,1417,138,360,1,Semiurban ,0
LP002348 ,1/1/2020,Male ,Yes ,0,Graduate ,No ,5829,0,138,360,1,Rural ,0
LP002357 ,1/1/2020,Female ,No ,0,Not Graduate ,No ,2720,0,80,,0,Urban ,1
LP002361 ,1/1/2020,Male ,Yes ,0,Graduate ,No ,1820,1719,100,360,1,Urban ,0
LP002362 ,1/1/2020,Male ,Yes ,1,Graduate ,No ,7250,1667,110,,0,Urban ,1
LP002364 ,1/1/2020,Male ,Yes ,0,Graduate ,No ,14880,0,96,360,1,Semiurban ,0
LP002366 ,1/1/2020,Male ,Yes ,0,Graduate ,No ,2666,4300,121,360,1,Rural ,0
LP002367 ,1/1/2020,Female ,No ,1,Not Graduate ,No ,4606,0,81,360,1,Rural ,1
LP002368 ,1/1/2020,Male ,Yes ,2,Graduate ,No ,5935,0,133,360,1,Semiurban ,0
LP002369 ,1/1/2020,Male ,Yes ,0,Graduate ,No ,2920,16.12000084,87,360,1,Rural ,0
LP002370 ,1/1/2020,Male ,No ,0,Not Graduate ,No ,2717,0,60,180,1,Urban ,0
LP002377 ,1/1/2020,Female ,No ,1,Graduate ,Yes ,8624,0,150,360,1,Semiurban ,0
LP002379 ,1/1/2020,Male ,No ,0,Graduate ,No ,6500,0,105,360,0,Rural ,1
LP002386 ,1/1/2020,Male ,No ,0,Graduate ,,12876,0,405,360,1,Semiurban ,0
LP002387 ,1/1/2020,Male ,Yes ,0,Graduate ,No ,2425,2340,143,360,1,Semiurban ,0
LP002390 ,1/1/2020,Male ,No ,0,Graduate ,No ,3750,0,100,360,1,Urban ,0
LP002393 ,1/1/2020,Female ,,0,Graduate ,No ,10047,0,,240,1,Semiurban ,0
LP002398 ,1/1/2020,Male ,No ,0,Graduate ,No ,1926,1851,50,360,1,Semiurban ,0
LP002401 ,1/1/2020,Male ,Yes ,0,Graduate ,No ,2213,1125,,360,1,Urban ,0
LP002403 ,1/1/2020,Male ,No ,0,Graduate ,Yes ,10416,0,187,360,0,Urban ,1
LP002407 ,1/1/2020,Female ,Yes ,0,Not Graduate ,Yes ,7142,0,138,360,1,Rural ,0
LP002408 ,1/1/2020,Male ,No ,0,Graduate ,No ,3660,5064,187,360,1,Semiurban ,0
LP002409 ,1/1/2020,Male ,Yes ,0,Graduate ,No ,7901,1833,180,360,1,Rural ,0
LP002418 ,1/1/2020,Male ,No ,3,Not Graduate ,No ,4707,1993,148,360,1,Semiurban ,0
LP002422 ,1/1/2020,Male ,No ,1,Graduate ,No ,37719,0,152,360,1,Semiurban ,0
LP002424 ,1/1/2020,Male ,Yes ,0,Graduate ,No ,7333,8333,175,300,,Rural ,0
LP002429 ,1/1/2020,Male ,Yes ,1,Graduate ,Yes ,3466,1210,130,360,1,Rural ,0
LP002434 ,1/1/2020,Male ,Yes ,2,Not Graduate ,No ,4652,0,110,360,1,Rural ,0
LP002435 ,1/1/2020,Male ,Yes ,0,Graduate ,,3539,1376,55,360,1,Rural ,1
LP002443 ,1/1/2020,Male ,Yes ,2,Graduate ,No ,3340,1710,150,360,0,Rural ,1
LP002444 ,1/1/2020,Male ,No ,1,Not Graduate ,Yes ,2769,1542,190,360,,Semiurban ,1
LP002446 ,1/1/2020,Male ,Yes ,2,Not Graduate ,No ,2309,1255,125,360,0,Rural ,1
LP002447 ,1/1/2020,Male ,Yes ,2,Not Graduate ,No ,1958,1456,60,300,,Urban ,0
LP002448 ,1/1/2020,Male ,Yes ,0,Graduate ,No ,3948,1733,149,360,0,Rural ,1
LP002449 ,1/1/2020,Male ,Yes ,0,Graduate ,No ,2483,2466,90,180,0,Rural ,0
LP002453 ,1/1/2020,Male ,No ,0,Graduate ,Yes ,7085,0,84,360,1,Semiurban ,0
LP002455 ,1/1/2020,Male ,Yes ,2,Graduate ,No ,3859,0,96,360,1,Semiurban ,0
LP002459 ,1/1/2020,Male ,Yes ,0,Graduate ,No ,4301,0,118,360,1,Urban ,0
LP002467 ,1/1/2020,Male ,Yes ,0,Graduate ,No ,3708,2569,173,360,1,Urban ,1
LP002472 ,1/1/2020,Male ,No ,2,Graduate ,No ,4354,0,136,360,1,Rural ,0
LP002473 ,1/1/2020,Male ,Yes ,0,Graduate ,No ,8334,0,160,360,1,Semiurban ,1
LP002478 ,1/1/2020,,Yes ,0,Graduate ,Yes ,2083,4083,160,360,,Semiurban ,0
LP002484 ,1/1/2020,Male ,Yes ,3,Graduate ,No ,7740,0,128,180,1,Urban ,0
LP002487 ,1/1/2020,Male ,Yes ,0,Graduate ,No ,3015,2188,153,360,1,Rural ,0
LP002489 ,1/1/2020,Female ,No ,1,Not Graduate ,,5191,0,132,360,1,Semiurban ,0
LP002493 ,1/1/2020,Male ,No ,0,Graduate ,No ,4166,0,98,360,0,Semiurban ,1
LP002494 ,1/1/2020,Male ,No ,0,Graduate ,No ,6000,0,140,360,1,Rural ,0
LP002500 ,1/1/2020,Male ,Yes ,3,Not Graduate ,No ,2947,1664,70,180,0,Urban ,1
LP002501 ,1/1/2020,,Yes ,0,Graduate ,No ,16692,0,110,360,1,Semiurban ,0
LP002502 ,1/1/2020,Female ,Yes ,2,Not Graduate ,,210,2917,98,360,1,Semiurban ,0
LP002505 ,1/1/2020,Male ,Yes ,0,Graduate ,No ,4333,2451,110,360,1,Urban ,1
LP002515 ,1/1/2020,Male ,Yes ,1,Graduate ,Yes ,3450,2079,162,360,1,Semiurban ,0
LP002517 ,1/1/2020,Male ,Yes ,1,Not Graduate ,No ,2653,1500,113,180,0,Rural ,1
LP002519 ,1/1/2020,Male ,Yes ,3,Graduate ,No ,4691,0,100,360,1,Semiurban ,0
LP002522 ,1/1/2020,Female ,No ,0,Graduate ,Yes ,2500,0,93,360,,Urban ,0
LP002524 ,1/1/2020,Male ,No ,2,Graduate ,No ,5532,4648,162,360,1,Rural ,0
LP002527 ,1/1/2020,Male ,Yes ,2,Graduate ,Yes ,16525,1014,150,360,1,Rural ,0
LP002529 ,1/1/2020,Male ,Yes ,2,Graduate ,No ,6700,1750,230,300,1,Semiurban ,0
LP002530 ,1/1/2020,,Yes ,2,Graduate ,No ,2873,1872,132,360,0,Semiurban ,1
LP002531 ,1/1/2020,Male ,Yes ,1,Graduate ,Yes ,16667,2250,86,360,1,Semiurban ,0
LP002533 ,1/1/2020,Male ,Yes ,2,Graduate ,No ,2947,1603,,360,1,Urban ,1
LP002534 ,1/1/2020,Female ,No ,0,Not Graduate ,No ,4350,0,154,360,1,Rural ,0
LP002536 ,1/1/2020,Male ,Yes ,3,Not Graduate ,No ,3095,0,113,360,1,Rural ,0
LP002537 ,1/1/2020,Male ,Yes ,0,Graduate ,No ,2083,3150,128,360,1,Semiurban ,0
LP002541 ,1/1/2020,Male ,Yes ,0,Graduate ,No ,10833,0,234,360,1,Semiurban ,0
LP002543 ,1/1/2020,Male ,Yes ,2,Graduate ,No ,8333,0,246,360,1,Semiurban ,0
LP002544 ,1/1/2020,Male ,Yes ,1,Not Graduate ,No ,1958,2436,131,360,1,Rural ,0
LP002545 ,1/1/2020,Male ,No ,2,Graduate ,No ,3547,0,80,360,0,Rural ,1
LP002547 ,1/1/2020,Male ,Yes ,1,Graduate ,No ,18333,0,500,360,1,Urban ,1
LP002555 ,1/1/2020,Male ,Yes ,2,Graduate ,Yes ,4583,2083,160,360,1,Semiurban ,0
LP002556 ,1/1/2020,Male ,No ,0,Graduate ,No ,2435,0,75,360,1,Urban ,1
LP002560 ,1/1/2020,Male ,No ,0,Not Graduate ,No ,2699,2785,96,360,,Semiurban ,0
LP002562 ,1/1/2020,Male ,Yes ,1,Not Graduate ,No ,5333,1131,186,360,,Urban ,0
LP002571 ,1/1/2020,Male ,No ,0,Not Graduate ,No ,3691,0,110,360,1,Rural ,0
LP002582 ,1/1/2020,Female ,No ,0,Not Graduate ,Yes ,17263,0,225,360,1,Semiurban ,0
LP002585 ,1/1/2020,Male ,Yes ,0,Graduate ,No ,3597,2157,119,360,0,Rural ,1
LP002586 ,1/1/2020,Female ,Yes ,1,Graduate ,No ,3326,913,105,84,1,Semiurban ,0
LP002587 ,1/1/2020,Male ,Yes ,0,Not Graduate ,No ,2600,1700,107,360,1,Rural ,0
LP002588 ,1/1/2020,Male ,Yes ,0,Graduate ,No ,4625,2857,111,12,,Urban ,0
LP002600 ,1/1/2020,Male ,Yes ,1,Graduate ,Yes ,2895,0,95,360,1,Semiurban ,0
LP002602 ,1/1/2020,Male ,No ,0,Graduate ,No ,6283,4416,209,360,0,Rural ,1
LP002603 ,1/1/2020,Female ,No ,0,Graduate ,No ,645,3683,113,480,1,Rural ,0
LP002606 ,1/1/2020,Female ,No ,0,Graduate ,No ,3159,0,100,360,1,Semiurban ,0
LP002615 ,1/1/2020,Male ,Yes ,2,Graduate ,No ,4865,5624,208,360,1,Semiurban ,0
LP002618 ,1/1/2020,Male ,Yes ,1,Not Graduate ,No ,4050,5302,138,360,,Rural ,1
LP002619 ,1/1/2020,Male ,Yes ,0,Not Graduate ,No ,3814,1483,124,300,1,Semiurban ,0
LP002622 ,1/1/2020,Male ,Yes ,2,Graduate ,No ,3510,4416,243,360,1,Rural ,0
LP002624 ,1/1/2020,Male ,Yes ,0,Graduate ,No ,20833,6667,480,360,,Urban ,0
LP002625 ,1/1/2020,,No ,0,Graduate ,No ,3583,0,96,360,1,Urban ,1
LP002626 ,1/1/2020,Male ,Yes ,0,Graduate ,Yes ,2479,3013,188,360,1,Urban ,0
LP002634 ,1/1/2020,Female ,No ,1,Graduate ,No ,13262,0,40,360,1,Urban ,0
LP002637 ,1/1/2020,Male ,No ,0,Not Graduate ,No ,3598,1287,100,360,1,Rural ,1
LP002640 ,1/1/2020,Male ,Yes ,1,Graduate ,No ,6065,2004,250,360,1,Semiurban ,0
LP002643 ,1/1/2020,Male ,Yes ,2,Graduate ,No ,3283,2035,148,360,1,Urban ,0
LP002648 ,1/1/2020,Male ,Yes ,0,Graduate ,No ,2130,6666,70,180,1,Semiurban ,1
LP002652 ,1/1/2020,Male ,No ,0,Graduate ,No ,5815,3666,311,360,1,Rural ,1
LP002659 ,1/1/2020,Male ,Yes ,3,Graduate ,No ,3466,3428,150,360,1,Rural ,0
LP002670 ,1/1/2020,Female ,Yes ,2,Graduate ,No ,2031,1632,113,480,1,Semiurban ,0
LP002682 ,1/1/2020,Male ,Yes ,0,Not Graduate ,No ,3074,1800,123,360,0,Semiurban ,1
LP002683 ,1/1/2020,Male ,No ,0,Graduate ,No ,4683,1915,185,360,1,Semiurban ,1
LP002684 ,1/1/2020,Female ,No ,0,Not Graduate ,No ,3400,0,95,360,1,Rural ,1
LP002689 ,1/1/2020,Male ,Yes ,2,Not Graduate ,No ,2192,1742,45,360,1,Semiurban ,0
LP002690 ,1/1/2020,Male ,No ,0,Graduate ,No ,2500,0,55,360,1,Semiurban ,0
LP002692 ,1/1/2020,Male ,Yes ,3,Graduate ,Yes ,5677,1424,100,360,1,Rural ,0
LP002693 ,1/1/2020,Male ,Yes ,2,Graduate ,Yes ,7948,7166,480,360,1,Rural ,0
LP002697 ,1/1/2020,Male ,No ,0,Graduate ,No ,4680,2087,,360,1,Semiurban ,1
LP002699 ,1/1/2020,Male ,Yes ,2,Graduate ,Yes ,17500,0,400,360,1,Rural ,0
LP002705 ,1/1/2020,Male ,Yes ,0,Graduate ,No ,3775,0,110,360,1,Semiurban ,0
LP002706 ,1/1/2020,Male ,Yes ,1,Not Graduate ,No ,5285,1430,161,360,0,Semiurban ,0
LP002714 ,1/1/2020,Male ,No ,1,Not Graduate ,No ,2679,1302,94,360,1,Semiurban ,0
LP002716 ,1/1/2020,Male ,No ,0,Not Graduate ,No ,6783,0,130,360,1,Semiurban ,0
LP002717 ,1/1/2020,Male ,Yes ,0,Graduate ,No ,1025,5500,216,360,,Rural ,0
LP002720 ,1/1/2020,Male ,Yes ,3,Graduate ,No ,4281,0,100,360,1,Urban ,0
LP002723 ,1/1/2020,Male ,No ,2,Graduate ,No ,3588,0,110,360,0,Rural ,1
LP002729 ,1/1/2020,Male ,No ,1,Graduate ,No ,11250,0,196,360,,Semiurban ,1
LP002731 ,1/1/2020,Female ,No ,0,Not Graduate ,Yes ,18165,0,125,360,1,Urban ,0
LP002732 ,1/1/2020,Male ,No ,0,Not Graduate ,,2550,2042,126,360,1,Rural ,0
LP002734 ,1/1/2020,Male ,Yes ,0,Graduate ,No ,6133,3906,324,360,1,Urban ,0
LP002738 ,1/1/2020,Male ,No ,2,Graduate ,No ,3617,0,107,360,1,Semiurban ,0
LP002739 ,1/1/2020,Male ,Yes ,0,Not Graduate ,No ,2917,536,66,360,1,Rural ,1
LP002740 ,1/1/2020,Male ,Yes ,3,Graduate ,No ,6417,0,157,180,1,Rural ,0
LP002741 ,1/1/2020,Female ,Yes ,1,Graduate ,No ,4608,2845,140,180,1,Semiurban ,0
LP002743 ,1/1/2020,Female ,No ,0,Graduate ,No ,2138,0,99,360,0,Semiurban ,1
LP002753 ,1/1/2020,Female ,No ,1,Graduate ,,3652,0,95,360,1,Semiurban ,0
LP002755 ,1/1/2020,Male ,Yes ,1,Not Graduate ,No ,2239,2524,128,360,1,Urban ,0
LP002757 ,1/1/2020,Female ,Yes ,0,Not Graduate ,No ,3017,663,102,360,,Semiurban ,0
LP002767 ,1/1/2020,Male ,Yes ,0,Graduate ,No ,2768,1950,155,360,1,Rural ,0
LP002768 ,1/1/2020,Male ,No ,0,Not Graduate ,No ,3358,0,80,36,1,Semiurban ,1
LP002772 ,1/1/2020,Male ,No ,0,Graduate ,No ,2526,1783,145,360,1,Rural ,0
LP002776 ,1/1/2020,Female ,No ,0,Graduate ,No ,5000,0,103,360,0,Semiurban ,1
LP002777 ,1/1/2020,Male ,Yes ,0,Graduate ,No ,2785,2016,110,360,1,Rural ,0
LP002778 ,1/1/2020,Male ,Yes ,2,Graduate ,Yes ,6633,0,,360,0,Rural ,1
LP002784 ,1/1/2020,Male ,Yes ,1,Not Graduate ,No ,2492,2375,,360,1,Rural ,0
LP002785 ,1/1/2020,Male ,Yes ,1,Graduate ,No ,3333,3250,158,360,1,Urban ,0
LP002788 ,1/1/2020,Male ,Yes ,0,Not Graduate ,No ,2454,2333,181,360,0,Urban ,1
LP002789 ,1/1/2020,Male ,Yes ,0,Graduate ,No ,3593,4266,132,180,0,Rural ,1
LP002792 ,1/1/2020,Male ,Yes ,1,Graduate ,No ,5468,1032,26,360,1,Semiurban ,0
LP002794 ,1/1/2020,Female ,No ,0,Graduate ,No ,2667,1625,84,360,,Urban ,0
LP002795 ,1/1/2020,Male ,Yes ,3,Graduate ,Yes ,10139,0,260,360,1,Semiurban ,0
LP002798 ,1/1/2020,Male ,Yes ,0,Graduate ,No ,3887,2669,162,360,1,Semiurban ,0
LP002804 ,1/1/2020,Female ,Yes ,0,Graduate ,No ,4180,2306,182,360,1,Semiurban ,0
LP002807 ,1/1/2020,Male ,Yes ,2,Not Graduate ,No ,3675,242,108,360,1,Semiurban ,0
LP002813 ,1/1/2020,Female ,Yes ,1,Graduate ,Yes ,19484,0,600,360,1,Semiurban ,0
LP002820 ,1/1/2020,Male ,Yes ,0,Graduate ,No ,5923,2054,211,360,1,Rural ,0
LP002821 ,1/1/2020,Male ,No ,0,Not Graduate ,Yes ,5800,0,132,360,1,Semiurban ,0
LP002832 ,1/1/2020,Male ,Yes ,2,Graduate ,No ,8799,0,258,360,0,Urban ,1
LP002833 ,1/1/2020,Male ,Yes ,0,Not Graduate ,No ,4467,0,120,360,,Rural ,0
LP002836 ,1/1/2020,Male ,No ,0,Graduate ,No ,3333,0,70,360,1,Urban ,0
LP002837 ,1/1/2020,Male ,Yes ,3,Graduate ,No ,3400,2500,123,360,0,Rural ,1
LP002840 ,1/1/2020,Female ,No ,0,Graduate ,No ,2378,0,9,360,1,Urban ,1
LP002841 ,1/1/2020,Male ,Yes ,0,Graduate ,No ,3166,2064,104,360,0,Urban ,1
LP002842 ,1/1/2020,Male ,Yes ,1,Graduate ,No ,3417,1750,186,360,1,Urban ,0
LP002847 ,1/1/2020,Male ,Yes ,0,Graduate ,No ,5116,1451,165,360,0,Urban ,1
LP002855 ,1/1/2020,Male ,Yes ,2,Graduate ,No ,16666,0,275,360,1,Urban ,0
LP002862 ,1/1/2020,Male ,Yes ,2,Not Graduate ,No ,6125,1625,187,480,1,Semiurban ,1
LP002863 ,1/1/2020,Male ,Yes ,3,Graduate ,No ,6406,0,150,360,1,Semiurban ,1
LP002868 ,1/1/2020,Male ,Yes ,2,Graduate ,No ,3159,461,108,84,1,Urban ,0
LP002872 ,1/1/2020,,Yes ,0,Graduate ,No ,3087,2210,136,360,0,Semiurban ,1
LP002874 ,1/1/2020,Male ,No ,0,Graduate ,No ,3229,2739,110,360,1,Urban ,0
LP002877 ,1/1/2020,Male ,Yes ,1,Graduate ,No ,1782,2232,107,360,1,Rural ,0
LP002888 ,1/1/2020,Male ,No ,0,Graduate ,,3182,2917,161,360,1,Urban ,0
LP002892 ,1/1/2020,Male ,Yes ,2,Graduate ,No ,6540,0,205,360,1,Semiurban ,0
LP002893 ,1/1/2020,Male ,No ,0,Graduate ,No ,1836,33837,90,360,1,Urban ,1
LP002894 ,1/1/2020,Female ,Yes ,0,Graduate ,No ,3166,0,36,360,1,Semiurban ,0
LP002898 ,1/1/2020,Male ,Yes ,1,Graduate ,No ,1880,0,61,360,,Rural ,1
LP002911 ,1/1/2020,Male ,Yes ,1,Graduate ,No ,2787,1917,146,360,0,Rural ,1
LP002912 ,1/1/2020,Male ,Yes ,1,Graduate ,No ,4283,3000,172,84,1,Rural ,1
LP002916 ,1/1/2020,Male ,Yes ,0,Graduate ,No ,2297,1522,104,360,1,Urban ,0
LP002917 ,1/1/2020,Female ,No ,0,Not Graduate ,No ,2165,0,70,360,1,Semiurban ,0
LP002925 ,1/1/2020,,No ,0,Graduate ,No ,4750,0,94,360,1,Semiurban ,0
LP002926 ,1/1/2020,Male ,Yes ,2,Graduate ,Yes ,2726,0,106,360,0,Semiurban ,1
LP002928 ,1/1/2020,Male ,Yes ,0,Graduate ,No ,3000,3416,56,180,1,Semiurban ,0
LP002931 ,1/1/2020,Male ,Yes ,2,Graduate ,Yes ,6000,0,205,240,1,Semiurban ,1
LP002933 ,1/1/2020,,No ,3,Graduate ,Yes ,9357,0,292,360,1,Semiurban ,0
LP002936 ,1/1/2020,Male ,Yes ,0,Graduate ,No ,3859,3300,142,180,1,Rural ,0
LP002938 ,1/1/2020,Male ,Yes ,0,Graduate ,Yes ,16120,0,260,360,1,Urban ,0
LP002940 ,1/1/2020,Male ,No ,0,Not Graduate ,No ,3833,0,110,360,1,Rural ,0
LP002941 ,1/1/2020,Male ,Yes ,2,Not Graduate ,Yes ,6383,1000,187,360,1,Rural ,1
LP002943 ,1/1/2020,Male ,No ,0,Graduate ,No ,2987,0,88,360,0,Semiurban ,1
LP002945 ,1/1/2020,Male ,Yes ,0,Graduate ,Yes ,9963,0,180,360,1,Rural ,0
LP002948 ,1/1/2020,Male ,Yes ,2,Graduate ,No ,5780,0,192,360,1,Urban ,0
LP002949 ,1/1/2020,Female ,No ,3,Graduate ,,416,41667,350,180,,Urban ,1
LP002950 ,1/1/2020,Male ,Yes ,0,Not Graduate ,,2894,2792,155,360,1,Rural ,0
LP002953 ,1/1/2020,Male ,Yes ,3,Graduate ,No ,5703,0,128,360,1,Urban ,0
LP002958 ,1/1/2020,Male ,No ,0,Graduate ,No ,3676,4301,172,360,1,Rural ,0
LP002959 ,1/1/2020,Female ,Yes ,1,Graduate ,No ,12000,0,496,360,1,Semiurban ,0
LP002960 ,1/1/2020,Male ,Yes ,0,Not Graduate ,No ,2400,3800,,180,1,Urban ,1
LP002961 ,1/1/2020,Male ,Yes ,1,Graduate ,No ,3400,2500,173,360,1,Semiurban ,0
LP002964 ,1/1/2020,Male ,Yes ,2,Not Graduate ,No ,3987,1411,157,360,1,Rural ,0
LP002974 ,1/1/2020,Male ,Yes ,0,Graduate ,No ,3232,1950,108,360,1,Rural ,0
LP002978 ,1/1/2020,Female ,No ,0,Graduate ,No ,2900,0,71,360,1,Rural ,0
LP002979 ,1/1/2020,Male ,Yes ,3,Graduate ,No ,4106,0,40,180,1,Rural ,0
LP002983 ,1/1/2020,Male ,Yes ,1,Graduate ,No ,8072,240,253,360,1,Urban ,0
LP002984 ,1/1/2020,Male ,Yes ,2,Graduate ,No ,7583,0,187,360,1,Urban ,0
LP002990 ,1/1/2020,Female ,No ,0,Graduate ,Yes ,4583,0,133,360,0,Semiurban ,1
LP001015 ,1/1/2020,Male ,Yes ,0,Graduate ,No ,5720,0,110,360,1,Urban ,0
LP001022 ,1/1/2020,Male ,Yes ,1,Graduate ,No ,3076,1500,126,360,1,Urban ,0
LP001031 ,1/1/2020,Male ,Yes ,2,Graduate ,No ,5000,1800,208,360,1,Urban ,0
LP001035 ,1/1/2020,Male ,Yes ,2,Graduate ,No ,2340,2546,100,360,,Urban ,0
LP001051 ,1/1/2020,Male ,No ,0,Not Graduate ,No ,3276,0,78,360,1,Urban ,1
LP001054 ,1/1/2020,Male ,Yes ,0,Not Graduate ,Yes ,2165,3422,152,360,1,Urban ,0
LP001055 ,1/1/2020,Female ,No ,1,Not Graduate ,No ,2226,0,59,360,1,Semiurban ,0
LP001056 ,1/1/2020,Male ,Yes ,2,Not Graduate ,No ,3881,0,147,360,0,Rural ,1
LP001059 ,1/1/2020,Male ,Yes ,2,Graduate ,,13633,0,280,240,1,Urban ,0
LP001067 ,1/1/2020,Male ,No ,0,Not Graduate ,No ,2400,2400,123,360,1,Semiurban ,0
LP001078 ,1/1/2020,Male ,No ,0,Not Graduate ,No ,3091,0,90,360,1,Urban ,0
LP001082 ,1/1/2020,Male ,Yes ,1,Graduate ,,2185,1516,162,360,1,Semiurban ,0
LP001083 ,1/1/2020,Male ,No ,3,Graduate ,No ,4166,0,40,180,,Urban ,0
LP001094 ,1/1/2020,Male ,Yes ,2,Graduate ,,12173,0,166,360,0,Semiurban ,1
LP001096 ,1/1/2020,Female ,No ,0,Graduate ,No ,4666,0,124,360,1,Semiurban ,0
LP001099 ,1/1/2020,Male ,No ,1,Graduate ,No ,5667,0,131,360,1,Urban ,0
LP001105 ,1/1/2020,Male ,Yes ,2,Graduate ,No ,4583,2916,200,360,1,Urban ,0
LP001107 ,1/1/2020,Male ,Yes ,3,Graduate ,No ,3786,333,126,360,1,Semiurban ,0
LP001108 ,1/1/2020,Male ,Yes ,0,Graduate ,No ,9226,7916,300,360,1,Urban ,0
LP001115 ,1/1/2020,Male ,No ,0,Graduate ,No ,1300,3470,100,180,1,Semiurban ,0
LP001121 ,1/1/2020,Male ,Yes ,1,Not Graduate ,No ,1888,1620,48,360,1,Urban ,0
LP001124 ,1/1/2020,Female ,No ,3,Not Graduate ,No ,2083,0,28,180,1,Urban ,0
LP001128 ,1/1/2020,,No ,0,Graduate ,No ,3909,0,101,360,1,Urban ,0
LP001135 ,1/1/2020,Female ,No ,0,Not Graduate ,No ,3765,0,125,360,1,Urban ,0
LP001149 ,1/1/2020,Male ,Yes ,0,Graduate ,No ,5400,4380,290,360,1,Urban ,0
LP001153 ,1/1/2020,Male ,No ,0,Graduate ,No ,0,24000,148,360,0,Rural ,1
LP001163 ,1/1/2020,Male ,Yes ,2,Graduate ,No ,4363,1250,140,360,,Urban ,0
LP001169 ,1/1/2020,Male ,Yes ,0,Graduate ,No ,7500,3750,275,360,1,Urban ,0
LP001174 ,1/1/2020,Male ,Yes ,0,Graduate ,No ,3772,833,57,360,,Semiurban ,0
LP001176 ,1/1/2020,Male ,No ,0,Graduate ,No ,2942,2382,125,180,1,Urban ,0
LP001177 ,1/1/2020,Female ,No ,0,Not Graduate ,No ,2478,0,75,360,1,Semiurban ,0
LP001183 ,1/1/2020,Male ,Yes ,2,Graduate ,No ,6250,820,192,360,1,Urban ,0
LP001185 ,1/1/2020,Male ,No ,0,Graduate ,No ,3268,1683,152,360,1,Semiurban ,0
LP001187 ,1/1/2020,Male ,Yes ,0,Graduate ,No ,2783,2708,158,360,1,Urban ,0
LP001190 ,1/1/2020,Male ,Yes ,0,Graduate ,No ,2740,1541,101,360,1,Urban ,0
LP001203 ,1/1/2020,Male ,No ,0,Graduate ,No ,3150,0,176,360,0,Semiurban ,1
LP001208 ,1/1/2020,Male ,Yes ,2,Graduate ,,7350,4029,185,180,1,Urban ,0
LP001210 ,1/1/2020,Male ,Yes ,0,Graduate ,Yes ,2267,2792,90,360,1,Urban ,0
LP001211 ,1/1/2020,Male ,No ,0,Graduate ,Yes ,5833,0,116,360,1,Urban ,0
LP001219 ,1/1/2020,Male ,No ,0,Graduate ,No ,3643,1963,138,360,1,Urban ,0
LP001220 ,1/1/2020,Male ,Yes ,0,Graduate ,No ,5629,818,100,360,1,Urban ,0
LP001221 ,1/1/2020,Female ,No ,0,Graduate ,No ,3644,0,110,360,1,Urban ,0
LP001226 ,1/1/2020,Male ,Yes ,0,Not Graduate ,No ,1750,2024,90,360,1,Semiurban ,0
LP001230 ,1/1/2020,Male ,No ,0,Graduate ,No ,6500,2600,200,360,1,Semiurban ,0
LP001231 ,1/1/2020,Female ,No ,0,Graduate ,No ,3666,0,84,360,1,Urban ,0
LP001232 ,1/1/2020,Male ,Yes ,0,Graduate ,No ,4260,3900,185,,,Urban ,0
LP001237 ,1/1/2020,Male ,Yes ,0,Not Graduate ,No ,4163,1475,162,360,1,Urban ,0
LP001242 ,1/1/2020,Male ,No ,0,Not Graduate ,No ,2356,1902,108,360,1,Semiurban ,0
LP001268 ,1/1/2020,Male ,No ,0,Graduate ,No ,6792,3338,187,,1,Urban ,0
LP001270 ,1/1/2020,Male ,Yes ,3,Not Graduate ,Yes ,8000,250,187,360,1,Semiurban ,0
LP001284 ,1/1/2020,Male ,Yes ,1,Graduate ,No ,2419,1707,124,360,1,Urban ,0
LP001287 ,1/1/2020,,Yes ,3,Not Graduate ,No ,3500,833,120,360,1,Semiurban ,0
LP001291 ,1/1/2020,Male ,Yes ,1,Graduate ,No ,3500,3077,160,360,1,Semiurban ,0
LP001298 ,1/1/2020,Male ,Yes ,2,Graduate ,No ,4116,1000,30,180,1,Urban ,0
LP001312 ,1/1/2020,Male ,Yes ,0,Not Graduate ,Yes ,5293,0,92,360,1,Urban ,0
LP001313 ,1/1/2020,Male ,No ,0,Graduate ,No ,2750,0,130,360,0,Urban ,1
LP001317 ,1/1/2020,Female ,No ,0,Not Graduate ,No ,4402,0,130,360,1,Rural ,0
LP001321 ,1/1/2020,Male ,Yes ,2,Graduate ,No ,3613,3539,134,180,1,Semiurban ,0
LP001323 ,1/1/2020,Female ,Yes ,2,Graduate ,No ,2779,3664,176,360,0,Semiurban ,1
LP001324 ,1/1/2020,Male ,Yes ,3,Graduate ,No ,4720,0,90,180,1,Semiurban ,0
LP001332 ,1/1/2020,Male ,Yes ,0,Not Graduate ,No ,2415,1721,110,360,1,Semiurban ,0
LP001335 ,1/1/2020,Male ,Yes ,0,Graduate ,Yes ,7016,292,125,360,1,Urban ,0
LP001338 ,1/1/2020,Female ,No ,2,Graduate ,No ,4968,0,189,360,1,Semiurban ,0
LP001347 ,1/1/2020,Female ,No ,0,Graduate ,No ,2101,1500,108,360,0,Rural ,1
LP001348 ,1/1/2020,Male ,Yes ,3,Not Graduate ,No ,4490,0,125,360,1,Urban ,0
LP001351 ,1/1/2020,Male ,Yes ,0,Graduate ,No ,2917,3583,138,360,1,Semiurban ,0
LP001352 ,1/1/2020,Male ,Yes ,0,Not Graduate ,No ,4700,0,135,360,0,Semiurban ,1
LP001358 ,1/1/2020,Male ,Yes ,0,Graduate ,No ,3445,0,130,360,0,Semiurban ,1
LP001359 ,1/1/2020,Male ,Yes ,0,Graduate ,No ,7666,0,187,360,1,Semiurban ,0
LP001361 ,1/1/2020,Male ,Yes ,0,Graduate ,No ,2458,5105,188,360,0,Rural ,1
LP001366 ,1/1/2020,Female ,No ,0,Graduate ,No ,3250,0,95,360,1,Semiurban ,0
LP001368 ,1/1/2020,Male ,No ,0,Graduate ,No ,4463,0,65,360,1,Semiurban ,0
LP001375 ,1/1/2020,Male ,Yes ,1,Graduate ,,4083,1775,139,60,1,Urban ,0
LP001380 ,1/1/2020,Male ,Yes ,0,Graduate ,Yes ,3900,2094,232,360,1,Rural ,0
LP001386 ,1/1/2020,Male ,Yes ,0,Not Graduate ,No ,4750,3583,144,360,1,Semiurban ,0
LP001400 ,1/1/2020,Male ,No ,0,Graduate ,No ,3583,3435,155,360,1,Urban ,0
LP001407 ,1/1/2020,Male ,Yes ,0,Graduate ,No ,3189,2367,186,360,1,Urban ,0
LP001413 ,1/1/2020,Male ,No ,0,Graduate ,Yes ,6356,0,50,360,1,Rural ,0
LP001415 ,1/1/2020,Male ,Yes ,1,Graduate ,No ,3413,4053,,360,1,Semiurban ,0
LP001419 ,1/1/2020,Female ,Yes ,0,Graduate ,No ,7950,0,185,360,1,Urban ,0
LP001420 ,1/1/2020,Male ,Yes ,3,Graduate ,No ,3829,1103,163,360,0,Urban ,1
LP001428 ,1/1/2020,Male ,Yes ,3,Graduate ,No ,72529,0,360,360,1,Urban ,0
LP001445 ,1/1/2020,Male ,Yes ,2,Not Graduate ,No ,4136,0,149,480,0,Rural ,1
LP001446 ,1/1/2020,Male ,Yes ,0,Graduate ,No ,8449,0,257,360,1,Rural ,1
LP001450 ,1/1/2020,Male ,Yes ,0,Graduate ,No ,4456,0,131,180,0,Semiurban ,1
LP001452 ,1/1/2020,Male ,Yes ,2,Graduate ,No ,4635,8000,102,180,1,Rural ,0
LP001455 ,1/1/2020,Male ,Yes ,0,Graduate ,No ,3571,1917,135,360,1,Urban ,0
LP001466 ,1/1/2020,Male ,No ,0,Graduate ,No ,3066,0,95,360,1,Semiurban ,0
LP001471 ,1/1/2020,Male ,No ,2,Not Graduate ,No ,3235,2015,77,360,1,Semiurban ,0
LP001472 ,1/1/2020,Female ,No ,0,Graduate ,,5058,0,200,360,1,Rural ,1
LP001475 ,1/1/2020,Male ,Yes ,0,Graduate ,Yes ,3188,2286,130,360,,Rural ,0
LP001483 ,1/1/2020,Male ,Yes ,3,Graduate ,No ,13518,0,390,360,1,Rural ,0
LP001486 ,1/1/2020,Male ,Yes ,1,Graduate ,No ,4364,2500,185,360,1,Semiurban ,0
LP001490 ,1/1/2020,Male ,Yes ,2,Not Graduate ,No ,4766,1646,100,360,1,Semiurban ,0
LP001496 ,1/1/2020,Male ,Yes ,1,Graduate ,No ,4609,2333,123,360,0,Semiurban ,1
LP001499 ,1/1/2020,Female ,Yes ,3,Graduate ,No ,6260,0,110,360,1,Semiurban ,0
LP001500 ,1/1/2020,Male ,Yes ,1,Graduate ,No ,3333,4200,256,360,1,Urban ,0
LP001501 ,1/1/2020,Male ,Yes ,0,Graduate ,No ,3500,3250,140,360,1,Semiurban ,0
LP001517 ,1/1/2020,Male ,Yes ,3,Graduate ,No ,9719,0,61,360,1,Urban ,0
LP001527 ,1/1/2020,Male ,Yes ,3,Graduate ,No ,6835,0,188,360,,Semiurban ,0
LP001534 ,1/1/2020,Male ,No ,0,Graduate ,No ,4452,0,131,360,1,Rural ,0
LP001542 ,1/1/2020,Female ,Yes ,0,Graduate ,No ,2262,0,,480,0,Semiurban ,1
LP001547 ,1/1/2020,Male ,Yes ,1,Graduate ,No ,3901,0,116,360,1,Urban ,0
LP001548 ,1/1/2020,Male ,Yes ,2,Not Graduate ,No ,2687,0,50,180,1,Rural ,0
LP001558 ,1/1/2020,Male ,No ,0,Graduate ,No ,2243,2233,107,360,,Semiurban ,0
LP001561 ,1/1/2020,Female ,Yes ,0,Graduate ,No ,3417,1287,200,360,1,Semiurban ,0
LP001563 ,1/1/2020,,No ,0,Graduate ,No ,1596,1760,119,360,0,Urban ,1
LP001567 ,1/1/2020,Male ,Yes ,3,Graduate ,No ,4513,0,120,360,1,Rural ,0
LP001568 ,1/1/2020,Male ,Yes ,0,Graduate ,No ,4500,0,140,360,1,Semiurban ,0
LP001573 ,1/1/2020,Male ,Yes ,0,Not Graduate ,No ,4523,1350,165,360,1,Urban ,0
LP001584 ,1/1/2020,Female ,No ,0,Graduate ,Yes ,4742,0,108,360,1,Semiurban ,0
LP001587 ,1/1/2020,Male ,Yes ,0,Graduate ,No ,4082,0,93,360,1,Semiurban ,0
LP001589 ,1/1/2020,Female ,No ,0,Graduate ,No ,3417,0,102,360,1,Urban ,0
LP001591 ,1/1/2020,Female ,Yes ,2,Graduate ,No ,2922,3396,122,360,1,Semiurban ,0
LP001599 ,1/1/2020,Male ,Yes ,0,Graduate ,No ,4167,4754,160,360,1,Rural ,0
LP001601 ,1/1/2020,Male ,No ,3,Graduate ,No ,4243,4123,157,360,,Semiurban ,0
LP001607 ,1/1/2020,Female ,No ,0,Not Graduate ,No ,0,1760,180,360,1,Semiurban ,1
LP001611 ,1/1/2020,Male ,Yes ,1,Graduate ,No ,1516,2900,80,,0,Rural ,1
LP001613 ,1/1/2020,Female ,No ,0,Graduate ,No ,1762,2666,104,360,0,Urban ,1
LP001622 ,1/1/2020,Male ,Yes ,2,Graduate ,No ,724,3510,213,360,0,Rural ,1
LP001627 ,1/1/2020,Male ,No ,0,Graduate ,No ,3125,0,65,360,1,Urban ,0
LP001650 ,1/1/2020,Male ,Yes ,0,Graduate ,No ,2333,3803,146,360,1,Rural ,0
LP001651 ,1/1/2020,Male ,Yes ,3,Graduate ,No ,3350,1560,135,360,1,Urban ,0
LP001652 ,1/1/2020,Male ,No ,0,Graduate ,No ,2500,6414,187,360,0,Rural ,1
LP001655 ,1/1/2020,Female ,No ,0,Graduate ,No ,12500,0,300,360,0,Urban ,1
LP001660 ,1/1/2020,Male ,No ,0,Graduate ,No ,4667,0,120,360,1,Semiurban ,0
LP001662 ,1/1/2020,Male ,No ,0,Graduate ,No ,6500,0,71,360,0,Urban ,1
LP001663 ,1/1/2020,Male ,Yes ,2,Graduate ,No ,7500,0,225,360,1,Urban ,0
LP001667 ,1/1/2020,Male ,No ,0,Graduate ,No ,3073,0,70,180,1,Urban ,0
LP001695 ,1/1/2020,Male ,Yes ,1,Not Graduate ,No ,3321,2088,70,,1,Semiurban ,0
LP001703 ,1/1/2020,Male ,Yes ,0,Graduate ,No ,3333,1270,124,360,1,Urban ,0
LP001718 ,1/1/2020,Male ,No ,0,Graduate ,No ,3391,0,132,360,1,Rural ,1
LP001728 ,1/1/2020,Male ,Yes ,1,Graduate ,Yes ,3343,1517,105,360,1,Rural ,0
LP001735 ,1/1/2020,Female ,No ,1,Graduate ,No ,3620,0,90,360,1,Urban ,0
LP001737 ,1/1/2020,Male ,No ,0,Graduate ,No ,4000,0,83,84,1,Urban ,0
LP001739 ,1/1/2020,Male ,Yes ,0,Graduate ,No ,4258,0,125,360,1,Urban ,0
LP001742 ,1/1/2020,Male ,Yes ,2,Graduate ,No ,4500,0,147,360,1,Rural ,0
LP001757 ,1/1/2020,Male ,Yes ,1,Graduate ,No ,2014,2925,120,360,1,Rural ,0
LP001769 ,1/1/2020,,No ,0,Graduate ,No ,3333,1250,110,360,1,Semiurban ,0
LP001771 ,1/1/2020,Female ,No ,3,Graduate ,No ,4083,0,103,360,,Semiurban ,0
LP001785 ,1/1/2020,Male ,No ,0,Graduate ,No ,4727,0,150,360,0,Rural ,1
LP001787 ,1/1/2020,Male ,Yes ,3,Graduate ,No ,3089,2999,100,240,1,Rural ,0
LP001789 ,1/1/2020,Male ,Yes ,3,Not Graduate ,,6794,528,139,360,0,Urban ,1
LP001791 ,1/1/2020,Male ,Yes ,0,Graduate ,Yes ,32000,0,550,360,,Semiurban ,0
LP001794 ,1/1/2020,Male ,Yes ,2,Graduate ,Yes ,10890,0,260,12,1,Rural ,0
LP001797 ,1/1/2020,Female ,No ,0,Graduate ,No ,12941,0,150,300,1,Urban ,0
LP001815 ,1/1/2020,Male ,No ,0,Not Graduate ,No ,3276,0,90,360,1,Semiurban ,0
LP001817 ,1/1/2020,Male ,No ,0,Not Graduate ,Yes ,8703,0,199,360,0,Rural ,1
LP001818 ,1/1/2020,Male ,Yes ,1,Graduate ,No ,4742,717,139,360,1,Semiurban ,0
LP001822 ,1/1/2020,Male ,No ,0,Graduate ,No ,5900,0,150,360,1,Urban ,0
LP001827 ,1/1/2020,Male ,No ,0,Graduate ,No ,3071,4309,180,360,1,Urban ,0
LP001831 ,1/1/2020,Male ,Yes ,0,Graduate ,No ,2783,1456,113,360,1,Urban ,0
LP001842 ,1/1/2020,Male ,No ,0,Graduate ,No ,5000,0,148,360,1,Rural ,0
LP001853 ,1/1/2020,Male ,Yes ,1,Not Graduate ,No ,2463,2360,117,360,0,Urban ,1
LP001855 ,1/1/2020,Male ,Yes ,2,Graduate ,No ,4855,0,72,360,1,Rural ,0
LP001857 ,1/1/2020,Male ,No ,0,Not Graduate ,Yes ,1599,2474,125,300,1,Semiurban ,0
LP001862 ,1/1/2020,Male ,Yes ,2,Graduate ,Yes ,4246,4246,214,360,1,Urban ,0
LP001867 ,1/1/2020,Male ,Yes ,0,Graduate ,No ,4333,2291,133,350,1,Rural ,1
LP001878 ,1/1/2020,Male ,No ,1,Graduate ,No ,5823,2529,187,360,1,Semiurban ,0
LP001881 ,1/1/2020,Male ,Yes ,0,Not Graduate ,No ,7895,0,143,360,1,Rural ,1
LP001886 ,1/1/2020,Male ,No ,0,Graduate ,No ,4150,4256,209,360,1,Rural ,0
LP001906 ,1/1/2020,Male ,No ,0,Graduate ,,2964,0,84,360,0,Semiurban ,1
LP001909 ,1/1/2020,Male ,No ,0,Graduate ,No ,5583,0,116,360,1,Urban ,0
LP001911 ,1/1/2020,Female ,No ,0,Graduate ,No ,2708,0,65,360,1,Rural ,0
LP001921 ,1/1/2020,Male ,No ,1,Graduate ,No ,3180,2370,80,240,,Rural ,0
LP001923 ,1/1/2020,Male ,No ,0,Not Graduate ,No ,2268,0,170,360,0,Semiurban ,1
LP001933 ,1/1/2020,Male ,No ,2,Not Graduate ,No ,1141,2017,120,360,0,Urban ,1
LP001943 ,1/1/2020,Male ,Yes ,0,Graduate ,No ,3042,3167,135,360,1,Urban ,0
LP001950 ,1/1/2020,Female ,Yes ,3,Graduate ,,1750,2935,94,360,0,Semiurban ,1
LP001959 ,1/1/2020,Female ,Yes ,1,Graduate ,No ,3564,0,79,360,1,Rural ,1
LP001961 ,1/1/2020,Female ,No ,0,Graduate ,No ,3958,0,110,360,1,Rural ,0
LP001973 ,1/1/2020,Male ,Yes ,2,Not Graduate ,No ,4483,0,130,360,1,Rural ,0
LP001975 ,1/1/2020,Male ,Yes ,0,Graduate ,No ,5225,0,143,360,1,Rural ,1
LP001979 ,1/1/2020,Male ,No ,0,Graduate ,No ,3017,2845,159,180,0,Urban ,1
LP001995 ,1/1/2020,Male ,Yes ,0,Not Graduate ,No ,2431,1820,110,360,0,Rural ,1
LP001999 ,1/1/2020,Male ,Yes ,2,Graduate ,,4912,4614,160,360,1,Rural ,0
LP002007 ,1/1/2020,Male ,Yes ,2,Not Graduate ,No ,2500,3333,131,360,1,Urban ,0
LP002009 ,1/1/2020,Female ,No ,0,Graduate ,No ,2918,0,65,360,,Rural ,0
LP002016 ,1/1/2020,Male ,Yes ,2,Graduate ,No ,5128,0,143,360,1,Rural ,0
LP002017 ,1/1/2020,Male ,Yes ,3,Graduate ,No ,15312,0,187,360,,Urban ,0
LP002018 ,1/1/2020,Male ,Yes ,2,Graduate ,No ,3958,2632,160,360,1,Semiurban ,0
LP002027 ,1/1/2020,Male ,Yes ,0,Graduate ,No ,4334,2945,165,360,1,Semiurban ,0
LP002028 ,1/1/2020,Male ,Yes ,2,Graduate ,No ,4358,0,110,360,1,Urban ,0
LP002042 ,1/1/2020,Female ,Yes ,1,Graduate ,No ,4000,3917,173,360,1,Rural ,0
LP002045 ,1/1/2020,Male ,Yes ,3,Graduate ,No ,10166,750,150,,1,Urban ,0
LP002046 ,1/1/2020,Male ,Yes ,0,Not Graduate ,No ,4483,0,135,360,,Semiurban ,0
LP002047 ,1/1/2020,Male ,Yes ,2,Not Graduate ,No ,4521,1184,150,360,1,Semiurban ,0
LP002056 ,1/1/2020,Male ,Yes ,2,Graduate ,No ,9167,0,235,360,1,Semiurban ,0
LP002057 ,1/1/2020,Male ,Yes ,0,Not Graduate ,No ,13083,0,,360,1,Rural ,0
LP002059 ,1/1/2020,Male ,Yes ,2,Graduate ,No ,7874,3967,336,360,1,Rural ,0
LP002062 ,1/1/2020,Female ,Yes ,1,Graduate ,No ,4333,0,132,84,1,Rural ,0
LP002064 ,1/1/2020,Male ,No ,0,Graduate ,No ,4083,0,96,360,1,Urban ,0
LP002069 ,1/1/2020,Male ,Yes ,2,Not Graduate ,,3785,2912,180,360,0,Rural ,1
LP002070 ,1/1/2020,Male ,Yes ,3,Not Graduate ,No ,2654,1998,128,360,0,Rural ,1
LP002077 ,1/1/2020,Male ,Yes ,1,Graduate ,No ,10000,2690,412,360,1,Semiurban ,1
LP002083 ,1/1/2020,Male ,No ,0,Graduate ,Yes ,5833,0,116,360,1,Urban ,0
LP002090 ,1/1/2020,Male ,Yes ,1,Graduate ,No ,4796,0,114,360,0,Semiurban ,1
LP002096 ,1/1/2020,Male ,Yes ,0,Not Graduate ,No ,2000,1600,115,360,1,Rural ,0
LP002099 ,1/1/2020,Male ,Yes ,2,Graduate ,No ,2540,700,104,360,0,Urban ,1
LP002102 ,1/1/2020,Male ,Yes ,0,Graduate ,Yes ,1900,1442,88,360,1,Rural ,0
LP002105 ,1/1/2020,Male ,Yes ,0,Graduate ,Yes ,8706,0,108,480,1,Rural ,0
LP002107 ,1/1/2020,Male ,Yes ,3,Not Graduate ,No ,2855,542,90,360,1,Urban ,0
LP002111 ,1/1/2020,Male ,Yes ,0,Graduate ,No ,3016,1300,100,360,,Urban ,0
LP002117 ,1/1/2020,Female ,Yes ,0,Graduate ,No ,3159,2374,108,360,1,Semiurban ,0
LP002118 ,1/1/2020,Female ,No ,0,Graduate ,No ,1937,1152,78,360,1,Semiurban ,0
LP002123 ,1/1/2020,Male ,Yes ,0,Graduate ,No ,2613,2417,123,360,1,Semiurban ,0
LP002125 ,1/1/2020,Male ,Yes ,1,Graduate ,No ,4960,2600,187,360,1,Semiurban ,0
LP002148 ,1/1/2020,Male ,Yes ,1,Graduate ,No ,3074,1083,146,360,1,Semiurban ,0
LP002152 ,1/1/2020,Female ,No ,0,Graduate ,No ,4213,0,80,360,1,Urban ,1
LP002165 ,1/1/2020,,No ,1,Not Graduate ,No ,2038,4027,100,360,1,Rural ,0
LP002167 ,1/1/2020,Female ,No ,0,Graduate ,No ,2362,0,55,360,1,Urban ,0
LP002168 ,1/1/2020,Male ,No ,0,Graduate ,No ,5333,2400,200,360,0,Rural ,1
LP002172 ,1/1/2020,Male ,Yes ,3,Graduate ,Yes ,5384,0,150,360,1,Semiurban ,0
LP002176 ,1/1/2020,Male ,No ,0,Graduate ,No ,5708,0,150,360,1,Rural ,0
LP002183 ,1/1/2020,Male ,Yes ,0,Not Graduate ,No ,3754,3719,118,,1,Rural ,0
LP002184 ,1/1/2020,Male ,Yes ,0,Not Graduate ,No ,2914,2130,150,300,1,Urban ,0
LP002186 ,1/1/2020,Male ,Yes ,0,Not Graduate ,No ,2747,2458,118,36,1,Semiurban ,0
LP002192 ,1/1/2020,Male ,Yes ,0,Graduate ,No ,7830,2183,212,360,1,Rural ,0
LP002195 ,1/1/2020,Male ,Yes ,1,Graduate ,Yes ,3507,3148,212,360,1,Rural ,0
LP002208 ,1/1/2020,Male ,Yes ,1,Graduate ,No ,3747,2139,125,360,1,Urban ,0
LP002212 ,1/1/2020,Male ,Yes ,0,Graduate ,No ,2166,2166,108,360,,Urban ,0
LP002240 ,1/1/2020,Male ,Yes ,0,Not Graduate ,No ,3500,2168,149,360,1,Rural ,0
LP002245 ,1/1/2020,Male ,Yes ,2,Not Graduate ,No ,2896,0,80,480,1,Urban ,0
LP002253 ,1/1/2020,Female ,No ,1,Graduate ,No ,5062,0,152,300,1,Rural ,0
LP002256 ,1/1/2020,Female ,No ,2,Graduate ,Yes ,5184,0,187,360,0,Semiurban ,1
LP002257 ,1/1/2020,Female ,No ,0,Graduate ,No ,2545,0,74,360,1,Urban ,0
LP002264 ,1/1/2020,Male ,Yes ,0,Graduate ,No ,2553,1768,102,360,1,Urban ,0
LP002270 ,1/1/2020,Male ,Yes ,1,Graduate ,No ,3436,3809,100,360,1,Rural ,0
LP002279 ,1/1/2020,Male ,No ,0,Graduate ,No ,2412,2755,130,360,1,Rural ,0
LP002286 ,1/1/2020,Male ,Yes ,3,Not Graduate ,No ,5180,0,125,360,0,Urban ,1
LP002294 ,1/1/2020,Male ,No ,0,Graduate ,No ,14911,14507,130,360,1,Semiurban ,0
LP002298 ,1/1/2020,,No ,0,Graduate ,Yes ,2860,2988,138,360,1,Urban ,0
LP002306 ,1/1/2020,Male ,Yes ,0,Graduate ,No ,1173,1594,28,180,1,Rural ,0
LP002310 ,1/1/2020,Female ,No ,1,Graduate ,No ,7600,0,92,360,1,Semiurban ,0
LP002311 ,1/1/2020,Female ,Yes ,0,Graduate ,No ,2157,1788,104,360,1,Urban ,0
LP002316 ,1/1/2020,Male ,No ,0,Graduate ,No ,2231,2774,176,360,0,Urban ,1
LP002321 ,1/1/2020,Female ,No ,0,Graduate ,No ,2274,5211,117,360,0,Semiurban ,1
LP002325 ,1/1/2020,Male ,Yes ,2,Not Graduate ,No ,6166,13983,102,360,1,Rural ,0
LP002326 ,1/1/2020,Male ,Yes ,2,Not Graduate ,No ,2513,1110,107,360,1,Semiurban ,0
LP002329 ,1/1/2020,Male ,No ,0,Graduate ,No ,4333,0,66,480,1,Urban ,1
LP002333 ,1/1/2020,Male ,No ,0,Not Graduate ,No ,3844,0,105,360,1,Urban ,0
LP002339 ,1/1/2020,Male ,Yes ,0,Graduate ,No ,3887,1517,105,360,0,Semiurban ,1
LP002344 ,1/1/2020,Male ,Yes ,0,Graduate ,No ,3510,828,105,360,1,Semiurban ,0
LP002346 ,1/1/2020,Male ,Yes ,0,Graduate ,,2539,1704,125,360,0,Rural ,1
LP002354 ,1/1/2020,Female ,No ,0,Not Graduate ,No ,2107,0,64,360,1,Semiurban ,0
LP002355 ,1/1/2020,,Yes ,0,Graduate ,No ,3186,3145,150,180,0,Semiurban ,1
LP002358 ,1/1/2020,Male ,Yes ,2,Graduate ,Yes ,5000,2166,150,360,1,Urban ,0
LP002360 ,1/1/2020,Male ,Yes ,0,Graduate ,No ,10000,0,,360,1,Urban ,0
LP002375 ,1/1/2020,Male ,Yes ,0,Not Graduate ,Yes ,3943,0,64,360,1,Semiurban ,0
LP002376 ,1/1/2020,Male ,No ,0,Graduate ,No ,2925,0,40,180,1,Rural ,0
LP002383 ,1/1/2020,Male ,Yes ,3,Graduate ,No ,3242,437,142,480,0,Urban ,1
LP002385 ,1/1/2020,Male ,Yes ,0,Graduate ,No ,3863,0,70,300,1,Semiurban ,0
LP002389 ,1/1/2020,Female ,No ,1,Graduate ,No ,4028,0,131,360,1,Semiurban ,0
LP002394 ,1/1/2020,Male ,Yes ,2,Graduate ,No ,4010,1025,120,360,1,Urban ,0
LP002397 ,1/1/2020,Female ,Yes ,1,Graduate ,No ,3719,1585,114,360,1,Urban ,0
LP002399 ,1/1/2020,Male ,No ,0,Graduate ,,2858,0,123,360,0,Rural ,1
LP002400 ,1/1/2020,Female ,Yes ,0,Graduate ,No ,3833,0,92,360,1,Rural ,0
LP002402 ,1/1/2020,Male ,Yes ,0,Graduate ,No ,3333,4288,160,360,1,Urban ,0
LP002412 ,1/1/2020,Male ,Yes ,0,Graduate ,No ,3007,3725,151,360,1,Rural ,0
LP002415 ,1/1/2020,Female ,No ,1,Graduate ,,1850,4583,81,360,,Rural ,1
LP002417 ,1/1/2020,Male ,Yes ,3,Not Graduate ,No ,2792,2619,171,360,1,Semiurban ,0
LP002420 ,1/1/2020,Male ,Yes ,0,Graduate ,No ,2982,1550,110,360,1,Semiurban ,0
LP002425 ,1/1/2020,Male ,No ,0,Graduate ,No ,3417,738,100,360,,Rural ,1
LP002433 ,1/1/2020,Male ,Yes ,1,Graduate ,No ,18840,0,234,360,1,Rural ,0
LP002440 ,1/1/2020,Male ,Yes ,2,Graduate ,No ,2995,1120,184,360,1,Rural ,0
LP002441 ,1/1/2020,Male ,No ,0,Graduate ,No ,3579,3308,138,360,,Semiurban ,0
LP002442 ,1/1/2020,Female ,Yes ,1,Not Graduate ,No ,3835,1400,112,480,0,Urban ,1
LP002445 ,1/1/2020,Female ,No ,1,Not Graduate ,No ,3854,3575,117,360,1,Rural ,0
LP002450 ,1/1/2020,Male ,Yes ,2,Graduate ,No ,5833,750,49,360,0,Rural ,1
LP002471 ,1/1/2020,Male ,No ,0,Graduate ,No ,3508,0,99,360,1,Rural ,1
LP002476 ,1/1/2020,Female ,Yes ,3,Not Graduate ,No ,1635,2444,99,360,1,Urban ,0
LP002482 ,1/1/2020,Female ,No ,0,Graduate ,Yes ,3333,3916,212,360,1,Rural ,0
LP002485 ,1/1/2020,Male ,No ,1,Graduate ,No ,24797,0,240,360,1,Semiurban ,0
LP002495 ,1/1/2020,Male ,Yes ,2,Graduate ,No ,5667,440,130,360,0,Semiurban ,1
LP002496 ,1/1/2020,Female ,No ,0,Graduate ,No ,3500,0,94,360,0,Semiurban ,1
LP002523 ,1/1/2020,Male ,Yes ,3,Graduate ,No ,2773,1497,108,360,1,Semiurban ,0
LP002542 ,1/1/2020,Male ,Yes ,0,Graduate ,,6500,0,144,360,1,Urban ,0
LP002550 ,1/1/2020,Female ,No ,0,Graduate ,No ,5769,0,110,180,1,Semiurban ,0
LP002551 ,1/1/2020,Male ,Yes ,3,Not Graduate ,,3634,910,176,360,0,Semiurban ,1
LP002553 ,1/1/2020,,No ,0,Graduate ,No ,29167,0,185,360,1,Semiurban ,0
LP002554 ,1/1/2020,Male ,No ,0,Graduate ,No ,2166,2057,122,360,1,Semiurban ,0
LP002561 ,1/1/2020,Male ,Yes ,0,Graduate ,No ,5000,0,126,360,1,Rural ,0
LP002566 ,1/1/2020,Female ,No ,0,Graduate ,No ,5530,0,135,360,,Urban ,0
LP002568 ,1/1/2020,Male ,No ,0,Not Graduate ,No ,9000,0,122,360,1,Rural ,0
LP002570 ,1/1/2020,Female ,Yes ,2,Graduate ,No ,10000,11666,460,360,1,Urban ,0
LP002572 ,1/1/2020,Male ,Yes ,1,Graduate ,,8750,0,297,360,1,Urban ,0
LP002581 ,1/1/2020,Male ,Yes ,0,Not Graduate ,No ,2157,2730,140,360,,Rural ,0
LP002584 ,1/1/2020,Male ,No ,0,Graduate ,,1972,4347,106,360,1,Rural ,0
LP002592 ,1/1/2020,Male ,No ,0,Graduate ,No ,4983,0,141,360,1,Urban ,0
LP002593 ,1/1/2020,Male ,Yes ,1,Graduate ,No ,8333,4000,,360,1,Urban ,0
LP002599 ,1/1/2020,Male ,Yes ,0,Graduate ,No ,3667,2000,170,360,1,Semiurban ,0
LP002604 ,1/1/2020,Male ,Yes ,2,Graduate ,No ,3166,2833,145,360,1,Urban ,0
LP002605 ,1/1/2020,Male ,No ,0,Not Graduate ,No ,3271,0,90,360,1,Rural ,1
LP002609 ,1/1/2020,Female ,Yes ,0,Graduate ,No ,2241,2000,88,360,0,Urban ,1
LP002610 ,1/1/2020,Male ,Yes ,1,Not Graduate ,,1792,2565,128,360,1,Urban ,0
LP002612 ,1/1/2020,Female ,Yes ,0,Graduate ,No ,2666,0,84,480,1,Semiurban ,0
LP002614 ,1/1/2020,,No ,0,Graduate ,No ,6478,0,108,360,1,Semiurban ,0
LP002630 ,1/1/2020,Male ,No ,0,Not Graduate ,,3808,0,83,360,1,Rural ,1
LP002635 ,1/1/2020,Female ,Yes ,2,Not Graduate ,No ,3729,0,117,360,1,Semiurban ,0
LP002639 ,1/1/2020,Male ,Yes ,2,Graduate ,No ,4120,0,128,360,1,Rural ,0
LP002644 ,1/1/2020,Male ,Yes ,1,Graduate ,Yes ,7500,0,75,360,1,Urban ,0
LP002651 ,1/1/2020,Male ,Yes ,1,Graduate ,,6300,0,125,360,0,Urban ,1
LP002654 ,1/1/2020,Female ,No ,0,Graduate ,Yes ,14987,0,177,360,1,Rural ,0
LP002657 ,1/1/2020,,Yes ,1,Not Graduate ,Yes ,570,2125,68,360,1,Rural ,0
LP002711 ,1/1/2020,Male ,Yes ,0,Graduate ,No ,2600,700,96,360,1,Semiurban ,0
LP002712 ,1/1/2020,Male ,No ,2,Not Graduate ,No ,2733,1083,180,360,,Semiurban ,0
LP002721 ,1/1/2020,Male ,Yes ,2,Graduate ,Yes ,7500,0,183,360,1,Rural ,0
LP002735 ,1/1/2020,Male ,Yes ,2,Not Graduate ,No ,3859,0,121,360,1,Rural ,0
LP002744 ,1/1/2020,Male ,Yes ,1,Graduate ,No ,6825,0,162,360,1,Rural ,0
LP002745 ,1/1/2020,Male ,Yes ,0,Graduate ,No ,3708,4700,132,360,1,Semiurban ,0
LP002746 ,1/1/2020,Male ,No ,0,Graduate ,No ,5314,0,147,360,1,Urban ,0
LP002747 ,1/1/2020,Female ,No ,3,Graduate ,No ,2366,5272,153,360,0,Rural ,1
LP002754 ,1/1/2020,Male ,No ,0,Graduate ,No ,2066,2108,104,84,1,Urban ,0
LP002759 ,1/1/2020,Male ,Yes ,2,Graduate ,No ,5000,0,149,360,1,Rural ,0
LP002760 ,1/1/2020,Female ,No ,0,Graduate ,No ,3767,0,134,300,1,Urban ,0
LP002766 ,1/1/2020,Female ,Yes ,0,Graduate ,No ,7859,879,165,180,1,Semiurban ,0
LP002769 ,1/1/2020,Female ,Yes ,0,Graduate ,No ,4283,0,120,360,1,Rural ,0
LP002774 ,1/1/2020,Male ,Yes ,0,Not Graduate ,No ,1700,2900,67,360,0,Urban ,1
LP002775 ,1/1/2020,,No ,0,Not Graduate ,No ,4768,0,125,360,1,Rural ,0
LP002781 ,1/1/2020,Male ,No ,0,Graduate ,No ,3083,2738,120,360,1,Urban ,0
LP002782 ,1/1/2020,Male ,Yes ,1,Graduate ,No ,2667,1542,148,360,1,Rural ,0
LP002786 ,1/1/2020,Female ,Yes ,0,Not Graduate ,No ,1647,1762,181,360,1,Urban ,0
LP002790 ,1/1/2020,Male ,Yes ,3,Graduate ,No ,3400,0,80,120,1,Urban ,0
LP002791 ,1/1/2020,Male ,No ,1,Graduate ,,16000,5000,40,360,1,Semiurban ,0
LP002793 ,1/1/2020,Male ,Yes ,0,Graduate ,No ,5333,0,90,360,1,Rural ,0
LP002802 ,1/1/2020,Male ,No ,0,Graduate ,No ,2875,2416,95,6,0,Semiurban ,1
LP002803 ,1/1/2020,Male ,Yes ,1,Not Graduate ,,2600,618,122,360,1,Semiurban ,0
LP002805 ,1/1/2020,Male ,Yes ,2,Graduate ,No ,5041,700,150,360,1,Urban ,0
LP002806 ,1/1/2020,Male ,Yes ,3,Graduate ,Yes ,6958,1411,150,360,1,Rural ,0
LP002816 ,1/1/2020,Male ,Yes ,1,Graduate ,No ,3500,1658,104,360,,Semiurban ,0
LP002823 ,1/1/2020,Male ,Yes ,0,Graduate ,No ,5509,0,143,360,1,Rural ,0
LP002825 ,1/1/2020,Male ,Yes ,3,Graduate ,No ,9699,0,300,360,1,Urban ,0
LP002826 ,1/1/2020,Female ,Yes ,1,Not Graduate ,No ,3621,2717,171,360,1,Urban ,0
LP002843 ,1/1/2020,Female ,Yes ,0,Graduate ,No ,4709,0,113,360,1,Semiurban ,0
LP002849 ,1/1/2020,Male ,Yes ,0,Graduate ,No ,1516,1951,35,360,1,Semiurban ,0
LP002850 ,1/1/2020,Male ,No ,2,Graduate ,No ,2400,0,46,360,1,Urban ,0
LP002853 ,1/1/2020,Female ,No ,0,Not Graduate ,No ,3015,2000,145,360,,Urban ,0
LP002856 ,1/1/2020,Male ,Yes ,0,Graduate ,No ,2292,1558,119,360,1,Urban ,0
LP002857 ,1/1/2020,Male ,Yes ,1,Graduate ,Yes ,2360,3355,87,240,1,Rural ,0
LP002858 ,1/1/2020,Female ,No ,0,Graduate ,No ,4333,2333,162,360,0,Rural ,1
LP002860 ,1/1/2020,Male ,Yes ,0,Graduate ,Yes ,2623,4831,122,180,1,Semiurban ,0
LP002867 ,1/1/2020,Male ,No ,0,Graduate ,Yes ,3972,4275,187,360,1,Rural ,0
LP002869 ,1/1/2020,Male ,Yes ,3,Not Graduate ,No ,3522,0,81,180,1,Rural ,1
LP002870 ,1/1/2020,Male ,Yes ,1,Graduate ,No ,4700,0,80,360,1,Urban ,0
LP002876 ,1/1/2020,Male ,No ,0,Graduate ,No ,6858,0,176,360,1,Rural ,0
LP002878 ,1/1/2020,Male ,Yes ,3,Graduate ,No ,8334,0,260,360,1,Urban ,0
LP002879 ,1/1/2020,Male ,Yes ,0,Graduate ,No ,3391,1966,133,360,0,Rural ,1
LP002885 ,1/1/2020,Male ,No ,0,Not Graduate ,No ,2868,0,70,360,1,Urban ,0
LP002890 ,1/1/2020,Male ,Yes ,2,Not Graduate ,No ,3418,1380,135,360,1,Urban ,0
LP002891 ,1/1/2020,Male ,Yes ,0,Graduate ,Yes ,2500,296,137,300,1,Rural ,0
LP002899 ,1/1/2020,Male ,Yes ,2,Graduate ,No ,8667,0,254,360,1,Rural ,0
LP002901 ,1/1/2020,Male ,No ,0,Graduate ,No ,2283,15000,106,360,,Rural ,0
LP002907 ,1/1/2020,Male ,Yes ,0,Graduate ,No ,5817,910,109,360,1,Urban ,0
LP002920 ,1/1/2020,Male ,Yes ,0,Graduate ,No ,5119,3769,120,360,1,Rural ,0
LP002921 ,1/1/2020,Male ,Yes ,3,Not Graduate ,No ,5316,187,158,180,0,Semiurban ,0
LP002932 ,1/1/2020,Male ,Yes ,3,Graduate ,No ,7603,1213,197,360,1,Urban ,0
LP002935 ,1/1/2020,Male ,Yes ,1,Graduate ,No ,3791,1936,85,360,1,Urban ,0
LP002952 ,1/1/2020,Male ,No ,0,Graduate ,No ,2500,0,60,360,1,Urban ,0
LP002954 ,1/1/2020,Male ,Yes ,2,Not Graduate ,No ,3132,0,76,360,,Rural ,0
LP002962 ,1/1/2020,Male ,No ,0,Graduate ,No ,4000,2667,152,360,1,Semiurban ,0
LP002965 ,1/1/2020,Female ,Yes ,0,Graduate ,No ,8550,4255,96,360,,Urban ,0
LP002969 ,1/1/2020,Male ,Yes ,1,Graduate ,No ,2269,2167,99,360,1,Semiurban ,0
LP002971 ,1/1/2020,Male ,Yes ,3,Not Graduate ,Yes ,4009,1777,113,360,1,Urban ,0
LP002975 ,1/1/2020,Male ,Yes ,0,Graduate ,No ,4158,709,115,360,1,Urban ,0
LP002980 ,1/1/2020,Male ,No ,0,Graduate ,No ,3250,1993,126,360,,Semiurban ,0
LP002986 ,1/1/2020,Male ,Yes ,0,Graduate ,No ,5000,2393,158,360,1,Rural ,1
LP002989 ,1/1/2020,Male ,No ,0,Graduate ,Yes ,9200,0,98,180,1,Rural ,0
